success,family,n_qubits,seed,n_t_gates,gf2_rank,nullity,predicted_chi,ofd_chi,ofd_entropy,m_ofd,ofd_rate,nodis_chi,nodis_entropy,structural_bound,structural_satisfied,optimal_satisfied,greedy_optimal,tightness,chi_reduction,log2_chi_ofd,log2_chi_nodis,log2_predicted,log2_structural
true,"Random Clifford+T (Brick-wall)",4,2858288167,4,3,1,2,1,0.000000,2,0.500000,2,0.416496,4,true,true,false,0.000000,0.500000,0.0000,1.0000,1.0000,2.0000
true,"Random Clifford+T (Brick-wall)",4,27556327,4,3,1,2,2,0.000000,3,0.750000,4,0.562335,2,true,true,true,1.000000,0.500000,1.0000,2.0000,1.0000,1.0000
true,"Random Clifford+T (Brick-wall)",4,1289096144,4,3,1,2,2,0.000000,2,0.500000,4,0.497930,4,true,true,false,0.500000,0.500000,1.0000,2.0000,1.0000,2.0000
true,"Random Clifford+T (Brick-wall)",4,2261846131,4,2,2,4,2,0.000000,2,0.500000,2,0.416496,4,true,true,true,0.500000,1.000000,1.0000,1.0000,2.0000,2.0000
true,"Random Clifford+T (Brick-wall)",4,3265963412,4,3,1,2,2,0.416496,3,0.750000,4,0.562335,2,true,true,true,1.000000,0.500000,1.0000,2.0000,1.0000,1.0000
true,"Random Clifford+T (Brick-wall)",5,2554917909,5,4,1,2,2,0.245775,3,0.600000,4,0.832991,4,true,true,false,0.500000,0.500000,1.0000,2.0000,1.0000,2.0000
true,"Random Clifford+T (Brick-wall)",5,4092872157,5,4,1,2,4,0.376770,3,0.600000,4,0.645511,4,true,false,false,1.000000,1.000000,2.0000,2.0000,1.0000,2.0000
true,"Random Clifford+T (Brick-wall)",5,2567376142,5,4,1,2,2,0.000000,3,0.600000,4,0.562335,4,true,true,false,0.500000,0.500000,1.0000,2.0000,1.0000,2.0000
true,"Random Clifford+T (Brick-wall)",5,1791644493,5,4,1,2,1,0.000000,4,0.800000,8,0.978831,2,true,true,true,0.000000,0.125000,0.0000,3.0000,1.0000,1.0000
true,"Random Clifford+T (Brick-wall)",5,3361010969,5,5,0,1,1,0.000000,5,1.000000,8,1.006856,1,true,true,true,1.000000,0.125000,0.0000,3.0000,0.0000,0.0000
true,"Random Clifford+T (Brick-wall)",6,1233028644,6,4,2,4,2,0.245775,4,0.666667,8,1.146274,4,true,true,true,0.500000,0.250000,1.0000,3.0000,2.0000,2.0000
true,"Random Clifford+T (Brick-wall)",6,470877840,6,5,1,2,2,0.416496,5,0.833333,8,1.199178,2,true,true,true,1.000000,0.250000,1.0000,3.0000,1.0000,1.0000
true,"Random Clifford+T (Brick-wall)",6,2847440735,6,4,2,4,4,0.498023,4,0.666667,8,1.131301,4,true,true,true,1.000000,0.500000,2.0000,3.0000,2.0000,2.0000
true,"Random Clifford+T (Brick-wall)",6,2631445037,6,5,1,2,4,0.597111,4,0.666667,8,1.161471,4,true,false,false,1.000000,0.500000,2.0000,3.0000,1.0000,2.0000
true,"Random Clifford+T (Brick-wall)",6,2415584184,6,6,0,1,1,0.000000,6,1.000000,8,1.133643,1,true,true,true,1.000000,0.125000,0.0000,3.0000,0.0000,0.0000
true,"Random Clifford+T (Brick-wall)",7,2137503796,7,7,0,1,2,0.396831,6,0.857143,16,1.511059,2,true,false,false,1.000000,0.125000,1.0000,4.0000,0.0000,1.0000
true,"Random Clifford+T (Brick-wall)",7,1810497556,7,7,0,1,2,0.416496,6,0.857143,8,0.953811,2,true,false,false,1.000000,0.250000,1.0000,3.0000,0.0000,1.0000
true,"Random Clifford+T (Brick-wall)",7,1813046975,7,6,1,2,2,0.196467,6,0.857143,8,1.322962,2,true,true,true,1.000000,0.250000,1.0000,3.0000,1.0000,1.0000
true,"Random Clifford+T (Brick-wall)",7,2627166677,7,5,2,4,2,0.416496,6,0.857143,8,1.229565,2,true,true,true,1.000000,0.250000,1.0000,3.0000,2.0000,1.0000
true,"Random Clifford+T (Brick-wall)",7,4018275572,7,5,2,4,1,0.000000,6,0.857143,16,1.537641,2,true,true,true,0.000000,0.062500,0.0000,4.0000,2.0000,1.0000
true,"Random Clifford+T (Brick-wall)",8,797217522,8,7,1,2,2,0.416496,7,0.875000,16,1.603958,2,true,true,true,1.000000,0.125000,1.0000,4.0000,1.0000,1.0000
true,"Random Clifford+T (Brick-wall)",8,302696247,8,7,1,2,4,0.562335,6,0.750000,8,1.494554,4,true,false,false,1.000000,0.500000,2.0000,3.0000,1.0000,2.0000
true,"Random Clifford+T (Brick-wall)",8,928423084,8,7,1,2,2,0.416496,6,0.750000,16,1.751037,4,true,true,false,0.500000,0.125000,1.0000,4.0000,1.0000,2.0000
true,"Random Clifford+T (Brick-wall)",8,2920416463,8,6,2,4,2,0.335322,7,0.875000,16,1.262676,2,true,true,true,1.000000,0.125000,1.0000,4.0000,2.0000,1.0000
true,"Random Clifford+T (Brick-wall)",8,1529192876,8,7,1,2,2,0.416496,7,0.875000,16,1.460585,2,true,true,true,1.000000,0.125000,1.0000,4.0000,1.0000,1.0000
true,"Random Clifford+T (All-to-all)",4,11422597,4,3,1,2,1,0.000000,4,1.000000,4,0.848283,1,true,true,true,1.000000,0.250000,0.0000,2.0000,1.0000,0.0000
true,"Random Clifford+T (All-to-all)",4,2438951563,4,2,2,4,2,0.335322,2,0.500000,4,0.562335,4,true,true,true,0.500000,0.500000,1.0000,2.0000,2.0000,2.0000
true,"Random Clifford+T (All-to-all)",4,2300788967,4,4,0,1,2,0.245775,3,0.750000,4,0.721985,2,true,false,false,1.000000,0.500000,1.0000,2.0000,0.0000,1.0000
true,"Random Clifford+T (All-to-all)",4,1961400497,4,4,0,1,1,0.000000,3,0.750000,4,0.693147,2,true,true,false,0.000000,0.250000,0.0000,2.0000,0.0000,1.0000
true,"Random Clifford+T (All-to-all)",4,3604784663,4,3,1,2,2,0.196467,2,0.500000,4,0.661563,4,true,true,false,0.500000,0.500000,1.0000,2.0000,1.0000,2.0000
true,"Random Clifford+T (All-to-all)",5,362827808,5,4,1,2,1,0.000000,5,1.000000,8,1.211001,1,true,true,true,1.000000,0.125000,0.0000,3.0000,1.0000,0.0000
true,"Random Clifford+T (All-to-all)",5,4185516691,5,4,1,2,2,0.000000,4,0.800000,4,0.779753,2,true,true,true,1.000000,0.500000,1.0000,2.0000,1.0000,1.0000
true,"Random Clifford+T (All-to-all)",5,4012347271,5,5,0,1,2,0.335322,4,0.800000,8,0.924418,2,true,false,false,1.000000,0.250000,1.0000,3.0000,0.0000,1.0000
true,"Random Clifford+T (All-to-all)",5,90818317,5,4,1,2,2,0.291816,3,0.600000,4,0.912939,4,true,true,false,0.500000,0.500000,1.0000,2.0000,1.0000,2.0000
true,"Random Clifford+T (All-to-all)",5,4252983589,5,4,1,2,1,0.000000,5,1.000000,8,1.080603,1,true,true,true,1.000000,0.125000,0.0000,3.0000,1.0000,0.0000
true,"Random Clifford+T (All-to-all)",6,993841618,6,6,0,1,1,0.000000,6,1.000000,8,1.390997,1,true,true,true,1.000000,0.125000,0.0000,3.0000,0.0000,0.0000
true,"Random Clifford+T (All-to-all)",6,2939852288,6,5,1,2,1,0.000000,6,1.000000,8,1.279610,1,true,true,true,1.000000,0.125000,0.0000,3.0000,1.0000,0.0000
true,"Random Clifford+T (All-to-all)",6,3804953896,6,5,1,2,2,0.376770,5,0.833333,8,1.303208,2,true,true,true,1.000000,0.250000,1.0000,3.0000,1.0000,1.0000
true,"Random Clifford+T (All-to-all)",6,919878716,6,5,1,2,1,0.000000,6,1.000000,8,1.441568,1,true,true,true,1.000000,0.125000,0.0000,3.0000,1.0000,0.0000
true,"Random Clifford+T (All-to-all)",6,533366103,6,5,1,2,2,0.269150,5,0.833333,8,1.603019,2,true,true,true,1.000000,0.250000,1.0000,3.0000,1.0000,1.0000
true,"Random Clifford+T (All-to-all)",7,2910049552,7,6,1,2,1,0.000000,7,1.000000,16,1.652843,1,true,true,true,1.000000,0.062500,0.0000,4.0000,1.0000,0.0000
true,"Random Clifford+T (All-to-all)",7,112175048,7,6,1,2,2,0.416496,6,0.857143,8,1.360523,2,true,true,true,1.000000,0.250000,1.0000,3.0000,1.0000,1.0000
true,"Random Clifford+T (All-to-all)",7,956709036,7,7,0,1,2,0.416496,6,0.857143,12,1.469725,2,true,false,false,1.000000,0.166667,1.0000,3.5850,0.0000,1.0000
true,"Random Clifford+T (All-to-all)",7,2184705100,7,6,1,2,1,0.000000,7,1.000000,16,1.573183,1,true,true,true,1.000000,0.062500,0.0000,4.0000,1.0000,0.0000
true,"Random Clifford+T (All-to-all)",7,1648051982,7,6,1,2,2,0.416496,6,0.857143,8,1.335218,2,true,true,true,1.000000,0.250000,1.0000,3.0000,1.0000,1.0000
true,"Random Clifford+T (All-to-all)",8,2627299556,8,8,0,1,2,0.406711,7,0.875000,16,2.022130,2,true,false,false,1.000000,0.125000,1.0000,4.0000,0.0000,1.0000
true,"Random Clifford+T (All-to-all)",8,92695383,8,7,1,2,1,0.000000,7,0.875000,16,2.007252,2,true,true,true,0.000000,0.062500,0.0000,4.0000,1.0000,1.0000
true,"Random Clifford+T (All-to-all)",8,332736323,8,8,0,1,2,0.396831,7,0.875000,16,1.796085,2,true,false,false,1.000000,0.125000,1.0000,4.0000,0.0000,1.0000
true,"Random Clifford+T (All-to-all)",8,3883875570,8,7,1,2,2,0.245775,7,0.875000,16,1.723680,2,true,true,true,1.000000,0.125000,1.0000,4.0000,1.0000,1.0000
true,"Random Clifford+T (All-to-all)",8,874731977,8,7,1,2,2,0.142624,7,0.875000,16,1.996545,2,true,true,true,1.000000,0.125000,1.0000,4.0000,1.0000,1.0000
true,"Bernstein-Vazirani",4,241706154,4,4,0,1,1,0.000000,4,1.000000,4,0.416496,1,true,true,true,1.000000,0.250000,0.0000,2.0000,0.0000,0.0000
true,"Bernstein-Vazirani",4,2679784496,4,3,1,2,2,0.000000,3,0.750000,1,0.000000,2,true,true,true,1.000000,2.000000,1.0000,0.0000,1.0000,1.0000
true,"Bernstein-Vazirani",4,1646334839,4,2,2,4,1,0.000000,3,0.750000,4,0.416496,2,true,true,true,0.000000,0.250000,0.0000,2.0000,2.0000,1.0000
true,"Bernstein-Vazirani",4,3984036732,4,3,1,2,1,0.000000,3,0.750000,1,0.000000,2,true,true,true,0.000000,1.000000,0.0000,0.0000,1.0000,1.0000
true,"Bernstein-Vazirani",4,3274205786,4,3,1,2,2,0.000000,3,0.750000,4,0.416496,2,true,true,true,1.000000,0.500000,1.0000,2.0000,1.0000,1.0000
true,"Bernstein-Vazirani",5,3482613669,5,4,1,2,2,0.000000,4,0.800000,4,0.693147,2,true,true,true,1.000000,0.500000,1.0000,2.0000,1.0000,1.0000
true,"Bernstein-Vazirani",5,1714335411,5,4,1,2,2,0.000000,4,0.800000,2,0.416496,2,true,true,true,1.000000,1.000000,1.0000,1.0000,1.0000,1.0000
true,"Bernstein-Vazirani",5,2093948404,5,3,2,4,2,0.000000,3,0.600000,2,0.000000,4,true,true,true,0.500000,1.000000,1.0000,1.0000,2.0000,2.0000
true,"Bernstein-Vazirani",5,2639461881,5,5,0,1,1,0.000000,5,1.000000,4,0.416496,1,true,true,true,1.000000,0.250000,0.0000,2.0000,0.0000,0.0000
true,"Bernstein-Vazirani",5,3632630914,5,3,2,4,1,0.000000,4,0.800000,2,0.416496,2,true,true,true,0.000000,0.500000,0.0000,1.0000,2.0000,1.0000
true,"Bernstein-Vazirani",6,1689921460,6,4,2,4,2,0.000000,4,0.666667,2,0.000000,4,true,true,true,0.500000,1.000000,1.0000,1.0000,2.0000,2.0000
true,"Bernstein-Vazirani",6,3386980781,6,3,3,8,1,0.000000,4,0.666667,4,0.416496,4,true,true,true,0.000000,0.250000,0.0000,2.0000,3.0000,2.0000
true,"Bernstein-Vazirani",6,3146222948,6,4,2,4,2,0.000000,3,0.500000,4,0.693147,8,true,true,false,0.333333,0.500000,1.0000,2.0000,2.0000,3.0000
true,"Bernstein-Vazirani",6,1795932427,6,5,1,2,2,0.000000,5,0.833333,4,0.416496,2,true,true,true,1.000000,0.500000,1.0000,2.0000,1.0000,1.0000
true,"Bernstein-Vazirani",6,2214405560,6,4,2,4,2,0.000000,4,0.666667,4,0.416496,4,true,true,true,0.500000,0.500000,1.0000,2.0000,2.0000,2.0000
true,"Bernstein-Vazirani",7,1717754518,7,5,2,4,2,0.000000,5,0.714286,2,0.000000,4,true,true,true,0.500000,1.000000,1.0000,1.0000,2.0000,2.0000
true,"Bernstein-Vazirani",7,4213938127,7,5,2,4,2,0.000000,5,0.714286,2,0.000000,4,true,true,true,0.500000,1.000000,1.0000,1.0000,2.0000,2.0000
true,"Bernstein-Vazirani",7,849851204,7,5,2,4,2,0.000000,5,0.714286,4,0.416496,4,true,true,true,0.500000,0.500000,1.0000,2.0000,2.0000,2.0000
true,"Bernstein-Vazirani",7,3989677233,7,5,2,4,2,0.000000,5,0.714286,4,0.416496,4,true,true,true,0.500000,0.500000,1.0000,2.0000,2.0000,2.0000
true,"Bernstein-Vazirani",7,861231153,7,6,1,2,1,0.000000,6,0.857143,2,0.000000,2,true,true,true,0.000000,0.500000,0.0000,1.0000,1.0000,1.0000
true,"Bernstein-Vazirani",8,4215459390,8,5,3,8,2,0.000000,5,0.625000,2,0.000000,8,true,true,true,0.333333,1.000000,1.0000,1.0000,3.0000,3.0000
true,"Bernstein-Vazirani",8,3642077570,8,6,2,4,2,0.000000,7,0.875000,2,0.416496,2,true,true,true,1.000000,1.000000,1.0000,1.0000,2.0000,1.0000
true,"Bernstein-Vazirani",8,1166620170,8,6,2,4,2,0.000000,6,0.750000,4,0.416496,4,true,true,true,0.500000,0.500000,1.0000,2.0000,2.0000,2.0000
true,"Bernstein-Vazirani",8,1171204922,8,6,2,4,2,0.000000,6,0.750000,4,0.416496,4,true,true,true,0.500000,0.500000,1.0000,2.0000,2.0000,2.0000
true,"Bernstein-Vazirani",8,2670474692,8,5,3,8,2,0.000000,5,0.625000,4,0.693147,8,true,true,true,0.333333,0.500000,1.0000,2.0000,3.0000,3.0000
true,"Simon's Algorithm",4,2798866308,4,2,2,4,1,0.000000,2,0.500000,1,0.000000,4,true,true,true,0.000000,1.000000,0.0000,0.0000,2.0000,2.0000
true,"Simon's Algorithm",4,3941929882,4,2,2,4,2,0.000000,2,0.500000,2,0.416496,4,true,true,true,0.500000,1.000000,1.0000,1.0000,2.0000,2.0000
true,"Simon's Algorithm",4,3989155260,4,2,2,4,1,0.000000,2,0.500000,1,0.000000,4,true,true,true,0.000000,1.000000,0.0000,0.0000,2.0000,2.0000
true,"Simon's Algorithm",4,877998027,4,2,2,4,2,0.000000,2,0.500000,2,0.000000,4,true,true,true,0.500000,1.000000,1.0000,1.0000,2.0000,2.0000
true,"Simon's Algorithm",4,4106641378,4,2,2,4,1,0.000000,2,0.500000,2,0.693147,4,true,true,true,0.000000,0.500000,0.0000,1.0000,2.0000,2.0000
true,"Simon's Algorithm",6,2121103894,6,3,3,8,2,0.000000,3,0.500000,2,0.416496,8,true,true,true,0.333333,1.000000,1.0000,1.0000,3.0000,3.0000
true,"Simon's Algorithm",6,4189464616,6,3,3,8,1,0.000000,3,0.500000,1,0.000000,8,true,true,true,0.000000,1.000000,0.0000,0.0000,3.0000,3.0000
true,"Simon's Algorithm",6,4181391915,6,3,3,8,2,0.416496,3,0.500000,2,0.416496,8,true,true,true,0.333333,1.000000,1.0000,1.0000,3.0000,3.0000
true,"Simon's Algorithm",6,828028343,6,3,3,8,2,0.000000,3,0.500000,2,0.693147,8,true,true,true,0.333333,1.000000,1.0000,1.0000,3.0000,3.0000
true,"Simon's Algorithm",6,1079324000,6,3,3,8,2,0.416496,3,0.500000,2,0.416496,8,true,true,true,0.333333,1.000000,1.0000,1.0000,3.0000,3.0000
true,"Simon's Algorithm",8,3730529337,8,4,4,16,2,0.000000,4,0.500000,2,0.000000,16,true,true,true,0.250000,1.000000,1.0000,1.0000,4.0000,4.0000
true,"Simon's Algorithm",8,510012226,8,4,4,16,2,0.000000,4,0.500000,2,0.000000,16,true,true,true,0.250000,1.000000,1.0000,1.0000,4.0000,4.0000
true,"Simon's Algorithm",8,1091540102,8,4,4,16,2,0.000000,3,0.375000,2,0.416496,32,true,true,false,0.200000,1.000000,1.0000,1.0000,4.0000,5.0000
true,"Simon's Algorithm",8,2022187829,8,4,4,16,2,0.693147,4,0.500000,4,0.693147,16,true,true,true,0.250000,0.500000,1.0000,2.0000,4.0000,4.0000
true,"Simon's Algorithm",8,2906543552,8,4,4,16,4,0.693147,4,0.500000,2,0.693147,16,true,true,true,0.500000,2.000000,2.0000,1.0000,4.0000,4.0000
true,"Deutsch-Jozsa",4,4128215002,0,0,0,1,1,0.000000,0,,1,0.000000,1,true,true,true,1.000000,1.000000,0.0000,0.0000,0.0000,0.0000
true,"Deutsch-Jozsa",4,3429396581,0,0,0,1,1,0.000000,0,,1,0.000000,1,true,true,true,1.000000,1.000000,0.0000,0.0000,0.0000,0.0000
true,"Deutsch-Jozsa",4,429692955,0,0,0,1,1,0.000000,0,,1,0.000000,1,true,true,true,1.000000,1.000000,0.0000,0.0000,0.0000,0.0000
true,"Deutsch-Jozsa",4,2972594300,0,0,0,1,1,0.000000,0,,1,0.000000,1,true,true,true,1.000000,1.000000,0.0000,0.0000,0.0000,0.0000
true,"Deutsch-Jozsa",4,1589716052,4,3,1,2,2,0.000000,3,0.750000,2,0.000000,2,true,true,true,1.000000,1.000000,1.0000,1.0000,1.0000,1.0000
true,"Deutsch-Jozsa",5,3993122684,5,3,2,4,2,0.000000,3,0.600000,2,0.000000,4,true,true,true,0.500000,1.000000,1.0000,1.0000,2.0000,2.0000
true,"Deutsch-Jozsa",5,4202730698,5,2,3,8,1,0.000000,2,0.400000,1,0.000000,8,true,true,true,0.000000,1.000000,0.0000,0.0000,3.0000,3.0000
true,"Deutsch-Jozsa",5,3684507223,5,1,4,16,2,0.000000,1,0.200000,2,0.000000,16,true,true,true,0.250000,1.000000,1.0000,1.0000,4.0000,4.0000
true,"Deutsch-Jozsa",5,358564291,5,2,3,8,1,0.000000,2,0.400000,1,0.000000,8,true,true,true,0.000000,1.000000,0.0000,0.0000,3.0000,3.0000
true,"Deutsch-Jozsa",5,1702191852,5,2,3,8,2,0.000000,2,0.400000,2,0.000000,8,true,true,true,0.333333,1.000000,1.0000,1.0000,3.0000,3.0000
true,"Deutsch-Jozsa",6,807273727,0,0,0,1,1,0.000000,0,,1,0.000000,1,true,true,true,1.000000,1.000000,0.0000,0.0000,0.0000,0.0000
true,"Deutsch-Jozsa",6,1393417632,0,0,0,1,1,0.000000,0,,1,0.000000,1,true,true,true,1.000000,1.000000,0.0000,0.0000,0.0000,0.0000
true,"Deutsch-Jozsa",6,1502539170,0,0,0,1,1,0.000000,0,,1,0.000000,1,true,true,true,1.000000,1.000000,0.0000,0.0000,0.0000,0.0000
true,"Deutsch-Jozsa",6,413475076,0,0,0,1,1,0.000000,0,,1,0.000000,1,true,true,true,1.000000,1.000000,0.0000,0.0000,0.0000,0.0000
true,"Deutsch-Jozsa",6,2134747688,0,0,0,1,1,0.000000,0,,1,0.000000,1,true,true,true,1.000000,1.000000,0.0000,0.0000,0.0000,0.0000
true,"Deutsch-Jozsa",7,1928255040,7,3,4,16,2,0.000000,3,0.428571,2,0.000000,16,true,true,true,0.250000,1.000000,1.0000,1.0000,4.0000,4.0000
true,"Deutsch-Jozsa",7,2300034822,0,0,0,1,1,0.000000,0,,1,0.000000,1,true,true,true,1.000000,1.000000,0.0000,0.0000,0.0000,0.0000
true,"Deutsch-Jozsa",7,1664829338,7,2,5,32,1,0.000000,2,0.285714,2,0.000000,32,true,true,true,0.000000,0.500000,0.0000,1.0000,5.0000,5.0000
true,"Deutsch-Jozsa",7,390591174,7,5,2,4,2,0.000000,5,0.714286,2,0.000000,4,true,true,true,0.500000,1.000000,1.0000,1.0000,2.0000,2.0000
true,"Deutsch-Jozsa",7,4040566266,7,4,3,8,2,0.000000,4,0.571429,1,0.000000,8,true,true,true,0.333333,2.000000,1.0000,0.0000,3.0000,3.0000
true,"Deutsch-Jozsa",8,4110571067,0,0,0,1,1,0.000000,0,,1,0.000000,1,true,true,true,1.000000,1.000000,0.0000,0.0000,0.0000,0.0000
true,"Deutsch-Jozsa",8,2870881153,8,3,5,32,2,0.000000,3,0.375000,2,0.000000,32,true,true,true,0.200000,1.000000,1.0000,1.0000,5.0000,5.0000
true,"Deutsch-Jozsa",8,3842412251,8,5,3,8,2,0.000000,5,0.625000,2,0.000000,8,true,true,true,0.333333,1.000000,1.0000,1.0000,3.0000,3.0000
true,"Deutsch-Jozsa",8,2551641819,8,4,4,16,2,0.000000,4,0.500000,2,0.000000,16,true,true,true,0.250000,1.000000,1.0000,1.0000,4.0000,4.0000
true,"Deutsch-Jozsa",8,813138542,8,4,4,16,2,0.000000,4,0.500000,2,0.000000,16,true,true,true,0.250000,1.000000,1.0000,1.0000,4.0000,4.0000
true,"GHZ State",4,2120954476,4,1,3,8,1,0.000000,1,0.250000,1,0.000000,8,true,true,true,0.000000,1.000000,0.0000,0.0000,3.0000,3.0000
true,"GHZ State",4,1578881445,4,1,3,8,1,0.000000,1,0.250000,1,0.000000,8,true,true,true,0.000000,1.000000,0.0000,0.0000,3.0000,3.0000
true,"GHZ State",4,521143238,4,1,3,8,1,0.000000,1,0.250000,1,0.000000,8,true,true,true,0.000000,1.000000,0.0000,0.0000,3.0000,3.0000
true,"GHZ State",4,4101489971,4,1,3,8,1,0.000000,1,0.250000,1,0.000000,8,true,true,true,0.000000,1.000000,0.0000,0.0000,3.0000,3.0000
true,"GHZ State",4,768330305,4,1,3,8,1,0.000000,1,0.250000,1,0.000000,8,true,true,true,0.000000,1.000000,0.0000,0.0000,3.0000,3.0000
true,"GHZ State",5,1553711610,5,1,4,16,1,0.000000,1,0.200000,1,0.000000,16,true,true,true,0.000000,1.000000,0.0000,0.0000,4.0000,4.0000
true,"GHZ State",5,362606264,5,1,4,16,1,0.000000,1,0.200000,1,0.000000,16,true,true,true,0.000000,1.000000,0.0000,0.0000,4.0000,4.0000
true,"GHZ State",5,1547801151,5,1,4,16,1,0.000000,1,0.200000,1,0.000000,16,true,true,true,0.000000,1.000000,0.0000,0.0000,4.0000,4.0000
true,"GHZ State",5,2818077415,5,1,4,16,1,0.000000,1,0.200000,1,0.000000,16,true,true,true,0.000000,1.000000,0.0000,0.0000,4.0000,4.0000
true,"GHZ State",5,488285948,5,1,4,16,1,0.000000,1,0.200000,1,0.000000,16,true,true,true,0.000000,1.000000,0.0000,0.0000,4.0000,4.0000
true,"GHZ State",6,3428944812,6,1,5,32,1,0.000000,1,0.166667,1,0.000000,32,true,true,true,0.000000,1.000000,0.0000,0.0000,5.0000,5.0000
true,"GHZ State",6,1374600791,6,1,5,32,1,0.000000,1,0.166667,1,0.000000,32,true,true,true,0.000000,1.000000,0.0000,0.0000,5.0000,5.0000
true,"GHZ State",6,2508595995,6,1,5,32,1,0.000000,1,0.166667,1,0.000000,32,true,true,true,0.000000,1.000000,0.0000,0.0000,5.0000,5.0000
true,"GHZ State",6,2131307259,6,1,5,32,1,0.000000,1,0.166667,1,0.000000,32,true,true,true,0.000000,1.000000,0.0000,0.0000,5.0000,5.0000
true,"GHZ State",6,1833529986,6,1,5,32,1,0.000000,1,0.166667,1,0.000000,32,true,true,true,0.000000,1.000000,0.0000,0.0000,5.0000,5.0000
true,"GHZ State",7,3221925211,7,1,6,64,1,0.000000,1,0.142857,1,0.000000,64,true,true,true,0.000000,1.000000,0.0000,0.0000,6.0000,6.0000
true,"GHZ State",7,530828400,7,1,6,64,1,0.000000,1,0.142857,1,0.000000,64,true,true,true,0.000000,1.000000,0.0000,0.0000,6.0000,6.0000
true,"GHZ State",7,3667046084,7,1,6,64,1,0.000000,1,0.142857,1,0.000000,64,true,true,true,0.000000,1.000000,0.0000,0.0000,6.0000,6.0000
true,"GHZ State",7,2618482181,7,1,6,64,1,0.000000,1,0.142857,1,0.000000,64,true,true,true,0.000000,1.000000,0.0000,0.0000,6.0000,6.0000
true,"GHZ State",7,3922608025,7,1,6,64,1,0.000000,1,0.142857,1,0.000000,64,true,true,true,0.000000,1.000000,0.0000,0.0000,6.0000,6.0000
true,"GHZ State",8,3484893207,8,1,7,128,1,0.000000,1,0.125000,1,0.000000,128,true,true,true,0.000000,1.000000,0.0000,0.0000,7.0000,7.0000
true,"GHZ State",8,2868499119,8,1,7,128,1,0.000000,1,0.125000,1,0.000000,128,true,true,true,0.000000,1.000000,0.0000,0.0000,7.0000,7.0000
true,"GHZ State",8,3671202439,8,1,7,128,1,0.000000,1,0.125000,1,0.000000,128,true,true,true,0.000000,1.000000,0.0000,0.0000,7.0000,7.0000
true,"GHZ State",8,1680506717,8,1,7,128,1,0.000000,1,0.125000,1,0.000000,128,true,true,true,0.000000,1.000000,0.0000,0.0000,7.0000,7.0000
true,"GHZ State",8,251972760,8,1,7,128,1,0.000000,1,0.125000,1,0.000000,128,true,true,true,0.000000,1.000000,0.0000,0.0000,7.0000,7.0000
true,"Bell State / EPR Pairs",4,3982463303,4,2,2,4,2,0.000000,2,0.500000,2,0.000000,4,true,true,true,0.500000,1.000000,1.0000,1.0000,2.0000,2.0000
true,"Bell State / EPR Pairs",4,2758413762,4,2,2,4,1,0.000000,2,0.500000,1,0.000000,4,true,true,true,0.000000,1.000000,0.0000,0.0000,2.0000,2.0000
true,"Bell State / EPR Pairs",4,1820021628,4,2,2,4,1,0.000000,2,0.500000,1,0.000000,4,true,true,true,0.000000,1.000000,0.0000,0.0000,2.0000,2.0000
true,"Bell State / EPR Pairs",4,1223315974,4,2,2,4,2,0.000000,2,0.500000,2,0.000000,4,true,true,true,0.500000,1.000000,1.0000,1.0000,2.0000,2.0000
true,"Bell State / EPR Pairs",4,2554523313,4,2,2,4,2,0.000000,2,0.500000,2,0.000000,4,true,true,true,0.500000,1.000000,1.0000,1.0000,2.0000,2.0000
true,"Bell State / EPR Pairs",5,995106331,5,3,2,4,1,0.000000,3,0.600000,1,0.000000,4,true,true,true,0.000000,1.000000,0.0000,0.0000,2.0000,2.0000
true,"Bell State / EPR Pairs",5,3489668369,5,1,4,16,1,0.000000,1,0.200000,1,0.000000,16,true,true,true,0.000000,1.000000,0.0000,0.0000,4.0000,4.0000
true,"Bell State / EPR Pairs",5,166487420,5,2,3,8,2,0.000000,2,0.400000,2,0.000000,8,true,true,true,0.333333,1.000000,1.0000,1.0000,3.0000,3.0000
true,"Bell State / EPR Pairs",5,3856841925,5,2,3,8,1,0.000000,2,0.400000,1,0.000000,8,true,true,true,0.000000,1.000000,0.0000,0.0000,3.0000,3.0000
true,"Bell State / EPR Pairs",5,3176486024,5,3,2,4,1,0.000000,3,0.600000,1,0.000000,4,true,true,true,0.000000,1.000000,0.0000,0.0000,2.0000,2.0000
true,"Bell State / EPR Pairs",6,3021363794,6,3,3,8,2,0.000000,3,0.500000,2,0.000000,8,true,true,true,0.333333,1.000000,1.0000,1.0000,3.0000,3.0000
true,"Bell State / EPR Pairs",6,826655,6,3,3,8,2,0.000000,3,0.500000,2,0.000000,8,true,true,true,0.333333,1.000000,1.0000,1.0000,3.0000,3.0000
true,"Bell State / EPR Pairs",6,3430341953,6,3,3,8,2,0.000000,3,0.500000,2,0.000000,8,true,true,true,0.333333,1.000000,1.0000,1.0000,3.0000,3.0000
true,"Bell State / EPR Pairs",6,3169786684,6,3,3,8,2,0.000000,3,0.500000,2,0.000000,8,true,true,true,0.333333,1.000000,1.0000,1.0000,3.0000,3.0000
true,"Bell State / EPR Pairs",6,3324548157,6,2,4,16,2,0.000000,2,0.333333,2,0.000000,16,true,true,true,0.250000,1.000000,1.0000,1.0000,4.0000,4.0000
true,"Bell State / EPR Pairs",7,2407288070,7,2,5,32,2,0.000000,2,0.285714,2,0.000000,32,true,true,true,0.200000,1.000000,1.0000,1.0000,5.0000,5.0000
true,"Bell State / EPR Pairs",7,918000158,7,3,4,16,1,0.000000,3,0.428571,2,0.000000,16,true,true,true,0.000000,0.500000,0.0000,1.0000,4.0000,4.0000
true,"Bell State / EPR Pairs",7,845940687,7,4,3,8,2,0.000000,4,0.571429,2,0.000000,8,true,true,true,0.333333,1.000000,1.0000,1.0000,3.0000,3.0000
true,"Bell State / EPR Pairs",7,1178049064,7,4,3,8,1,0.000000,4,0.571429,1,0.000000,8,true,true,true,0.000000,1.000000,0.0000,0.0000,3.0000,3.0000
true,"Bell State / EPR Pairs",7,2758377617,7,3,4,16,2,0.000000,3,0.428571,2,0.000000,16,true,true,true,0.250000,1.000000,1.0000,1.0000,4.0000,4.0000
true,"Bell State / EPR Pairs",8,1704677716,8,3,5,32,2,0.000000,3,0.375000,2,0.000000,32,true,true,true,0.200000,1.000000,1.0000,1.0000,5.0000,5.0000
true,"Bell State / EPR Pairs",8,3551356148,8,3,5,32,2,0.000000,3,0.375000,2,0.000000,32,true,true,true,0.200000,1.000000,1.0000,1.0000,5.0000,5.0000
true,"Bell State / EPR Pairs",8,2083149621,8,4,4,16,2,0.000000,4,0.500000,2,0.000000,16,true,true,true,0.250000,1.000000,1.0000,1.0000,4.0000,4.0000
true,"Bell State / EPR Pairs",8,25126134,8,3,5,32,2,0.000000,3,0.375000,2,0.000000,32,true,true,true,0.200000,1.000000,1.0000,1.0000,5.0000,5.0000
true,"Bell State / EPR Pairs",8,1683145319,8,3,5,32,2,0.000000,3,0.375000,2,0.000000,32,true,true,true,0.200000,1.000000,1.0000,1.0000,5.0000,5.0000
true,"Graph State",4,3717129949,4,3,1,2,2,0.000000,3,0.750000,2,0.000000,2,true,true,true,1.000000,1.000000,1.0000,1.0000,1.0000,1.0000
true,"Graph State",4,752088962,4,3,1,2,2,0.000000,3,0.750000,4,0.416496,2,true,true,true,1.000000,0.500000,1.0000,2.0000,1.0000,1.0000
true,"Graph State",4,3574725703,4,1,3,8,2,0.000000,1,0.250000,2,0.000000,8,true,true,true,0.333333,1.000000,1.0000,1.0000,3.0000,3.0000
true,"Graph State",4,943344553,4,2,2,4,2,0.000000,2,0.500000,2,0.000000,4,true,true,true,0.500000,1.000000,1.0000,1.0000,2.0000,2.0000
true,"Graph State",4,3623502855,4,3,1,2,2,0.000000,3,0.750000,2,0.000000,2,true,true,true,1.000000,1.000000,1.0000,1.0000,1.0000,1.0000
true,"Graph State",5,1449277012,5,3,2,4,2,0.000000,3,0.600000,4,0.416496,4,true,true,true,0.500000,0.500000,1.0000,2.0000,2.0000,2.0000
true,"Graph State",5,2549290640,5,3,2,4,1,0.000000,3,0.600000,2,0.693147,4,true,true,true,0.000000,0.500000,0.0000,1.0000,2.0000,2.0000
true,"Graph State",5,3483128439,5,3,2,4,2,0.000000,3,0.600000,2,0.335322,4,true,true,true,0.500000,1.000000,1.0000,1.0000,2.0000,2.0000
true,"Graph State",5,2869400392,5,3,2,4,2,0.000000,3,0.600000,2,0.000000,4,true,true,true,0.500000,1.000000,1.0000,1.0000,2.0000,2.0000
true,"Graph State",5,2596755416,5,4,1,2,2,0.000000,4,0.800000,4,0.416496,2,true,true,true,1.000000,0.500000,1.0000,2.0000,1.0000,1.0000
true,"Graph State",6,1479146394,6,4,2,4,2,0.000000,4,0.666667,2,0.000000,4,true,true,true,0.500000,1.000000,1.0000,1.0000,2.0000,2.0000
true,"Graph State",6,27088407,6,4,2,4,2,0.000000,4,0.666667,2,0.000000,4,true,true,true,0.500000,1.000000,1.0000,1.0000,2.0000,2.0000
true,"Graph State",6,226425486,6,5,1,2,2,0.000000,5,0.833333,4,0.662271,2,true,true,true,1.000000,0.500000,1.0000,2.0000,1.0000,1.0000
true,"Graph State",6,1597476155,6,4,2,4,2,0.000000,4,0.666667,2,0.245775,4,true,true,true,0.500000,1.000000,1.0000,1.0000,2.0000,2.0000
true,"Graph State",6,4204201121,6,4,2,4,2,0.000000,4,0.666667,2,0.416496,4,true,true,true,0.500000,1.000000,1.0000,1.0000,2.0000,2.0000
true,"Graph State",7,2672552199,7,5,2,4,2,0.000000,5,0.714286,4,0.562335,4,true,true,true,0.500000,0.500000,1.0000,2.0000,2.0000,2.0000
true,"Graph State",7,2469164040,7,5,2,4,2,0.000000,5,0.714286,8,0.832991,4,true,true,true,0.500000,0.250000,1.0000,3.0000,2.0000,2.0000
true,"Graph State",7,356133345,7,4,3,8,2,0.000000,4,0.571429,2,0.000000,8,true,true,true,0.333333,1.000000,1.0000,1.0000,3.0000,3.0000
true,"Graph State",7,2033523685,7,5,2,4,2,0.000000,5,0.714286,2,0.245775,4,true,true,true,0.500000,1.000000,1.0000,1.0000,2.0000,2.0000
true,"Graph State",7,3535766645,7,6,1,2,2,0.000000,6,0.857143,8,0.967760,2,true,true,true,1.000000,0.250000,1.0000,3.0000,1.0000,1.0000
true,"Graph State",8,2107825901,8,5,3,8,2,0.000000,5,0.625000,4,0.938923,8,true,true,true,0.333333,0.500000,1.0000,2.0000,3.0000,3.0000
true,"Graph State",8,3477679279,8,5,3,8,2,0.000000,5,0.625000,4,0.662271,8,true,true,true,0.333333,0.500000,1.0000,2.0000,3.0000,3.0000
true,"Graph State",8,2078813257,8,6,2,4,2,0.000000,6,0.750000,4,0.491551,4,true,true,true,0.500000,0.500000,1.0000,2.0000,2.0000,2.0000
true,"Graph State",8,765055407,8,6,2,4,2,0.000000,6,0.750000,4,0.938923,4,true,true,true,0.500000,0.500000,1.0000,2.0000,2.0000,2.0000
true,"Graph State",8,3302448397,8,6,2,4,2,0.000000,6,0.750000,8,0.737326,4,true,true,true,0.500000,0.250000,1.0000,3.0000,2.0000,2.0000
true,"Cluster State (1D)",4,2695651500,4,4,0,1,1,0.000000,4,1.000000,2,0.245775,1,true,true,true,1.000000,0.500000,0.0000,1.0000,0.0000,0.0000
true,"Cluster State (1D)",4,4114317693,4,3,1,2,1,0.000000,3,0.750000,2,0.416496,2,true,true,true,0.000000,0.500000,0.0000,1.0000,1.0000,1.0000
true,"Cluster State (1D)",4,2470018799,4,3,1,2,2,0.000000,3,0.750000,4,0.416496,2,true,true,true,1.000000,0.500000,1.0000,2.0000,1.0000,1.0000
true,"Cluster State (1D)",4,2049560938,4,2,2,4,2,0.000000,2,0.500000,2,0.245775,4,true,true,true,0.500000,1.000000,1.0000,1.0000,2.0000,2.0000
true,"Cluster State (1D)",4,2617594786,4,3,1,2,1,0.000000,3,0.750000,2,0.416496,2,true,true,true,0.000000,0.500000,0.0000,1.0000,1.0000,1.0000
true,"Cluster State (1D)",5,1754071948,5,3,2,4,2,0.000000,3,0.600000,2,0.245775,4,true,true,true,0.500000,1.000000,1.0000,1.0000,2.0000,2.0000
true,"Cluster State (1D)",5,2997062910,5,4,1,2,1,0.000000,4,0.800000,4,0.416496,2,true,true,true,0.000000,0.250000,0.0000,2.0000,1.0000,1.0000
true,"Cluster State (1D)",5,1184236101,5,4,1,2,1,0.000000,4,0.800000,4,0.416496,2,true,true,true,0.000000,0.250000,0.0000,2.0000,1.0000,1.0000
true,"Cluster State (1D)",5,2573989014,5,3,2,4,2,0.000000,3,0.600000,2,0.245775,4,true,true,true,0.500000,1.000000,1.0000,1.0000,2.0000,2.0000
true,"Cluster State (1D)",5,2825567246,5,3,2,4,1,0.000000,3,0.600000,2,0.693147,4,true,true,true,0.000000,0.500000,0.0000,1.0000,2.0000,2.0000
true,"Cluster State (1D)",6,2410175908,6,5,1,2,2,0.000000,5,0.833333,4,0.416496,2,true,true,true,1.000000,0.500000,1.0000,2.0000,1.0000,1.0000
true,"Cluster State (1D)",6,351283149,6,3,3,8,2,0.000000,3,0.500000,4,0.416496,8,true,true,true,0.333333,0.500000,1.0000,2.0000,3.0000,3.0000
true,"Cluster State (1D)",6,2987140456,6,3,3,8,2,0.000000,3,0.500000,2,0.693147,8,true,true,true,0.333333,1.000000,1.0000,1.0000,3.0000,3.0000
true,"Cluster State (1D)",6,4068506396,6,6,0,1,1,0.000000,6,1.000000,4,0.245775,1,true,true,true,1.000000,0.250000,0.0000,2.0000,0.0000,0.0000
true,"Cluster State (1D)",6,2695514478,6,3,3,8,1,0.000000,3,0.500000,2,0.693147,8,true,true,true,0.000000,0.500000,0.0000,1.0000,3.0000,3.0000
true,"Cluster State (1D)",7,3276626113,7,6,1,2,1,0.000000,6,0.857143,4,0.416496,2,true,true,true,0.000000,0.250000,0.0000,2.0000,1.0000,1.0000
true,"Cluster State (1D)",7,2183080732,7,6,1,2,2,0.000000,6,0.857143,4,0.416496,2,true,true,true,1.000000,0.500000,1.0000,2.0000,1.0000,1.0000
true,"Cluster State (1D)",7,12994128,7,6,1,2,2,0.000000,6,0.857143,4,0.416496,2,true,true,true,1.000000,0.500000,1.0000,2.0000,1.0000,1.0000
true,"Cluster State (1D)",7,4288995007,7,3,4,16,1,0.000000,3,0.428571,2,0.693147,16,true,true,true,0.000000,0.500000,0.0000,1.0000,4.0000,4.0000
true,"Cluster State (1D)",7,1320278302,7,3,4,16,2,0.000000,3,0.428571,2,0.000000,16,true,true,true,0.250000,1.000000,1.0000,1.0000,4.0000,4.0000
true,"Cluster State (1D)",8,791065785,8,4,4,16,2,0.000000,4,0.500000,2,0.000000,16,true,true,true,0.250000,1.000000,1.0000,1.0000,4.0000,4.0000
true,"Cluster State (1D)",8,1257800596,8,5,3,8,2,0.000000,5,0.625000,2,0.416496,8,true,true,true,0.333333,1.000000,1.0000,1.0000,3.0000,3.0000
true,"Cluster State (1D)",8,3369317028,8,4,4,16,2,0.000000,4,0.500000,2,0.416496,16,true,true,true,0.250000,1.000000,1.0000,1.0000,4.0000,4.0000
true,"Cluster State (1D)",8,1469649755,8,5,3,8,2,0.000000,5,0.625000,2,0.245775,8,true,true,true,0.333333,1.000000,1.0000,1.0000,3.0000,3.0000
true,"Cluster State (1D)",8,910250106,8,5,3,8,1,0.000000,5,0.625000,4,0.693147,8,true,true,true,0.000000,0.250000,0.0000,2.0000,3.0000,3.0000
true,"QAOA MaxCut (p=1, 3-regular)",4,534815327,4,2,2,4,1,0.000000,1,0.250000,2,0.000000,8,true,true,false,0.000000,0.500000,0.0000,1.0000,2.0000,3.0000
true,"QAOA MaxCut (p=1, 3-regular)",4,3968218170,4,2,2,4,1,0.000000,1,0.250000,2,0.000000,8,true,true,false,0.000000,0.500000,0.0000,1.0000,2.0000,3.0000
true,"QAOA MaxCut (p=1, 3-regular)",4,3394448895,4,0,4,16,1,0.000000,0,0.000000,1,0.000000,16,true,true,true,0.000000,1.000000,0.0000,0.0000,4.0000,4.0000
true,"QAOA MaxCut (p=1, 3-regular)",4,817857528,4,0,4,16,1,0.000000,0,0.000000,1,0.000000,16,true,true,true,0.000000,1.000000,0.0000,0.0000,4.0000,4.0000
true,"QAOA MaxCut (p=1, 3-regular)",4,2629677814,4,0,4,16,1,0.000000,0,0.000000,1,0.000000,16,true,true,true,0.000000,1.000000,0.0000,0.0000,4.0000,4.0000
true,"QAOA MaxCut (p=1, 3-regular)",6,1394586140,6,0,6,64,1,0.000000,0,0.000000,1,0.000000,64,true,true,true,0.000000,1.000000,0.0000,0.0000,6.0000,6.0000
true,"QAOA MaxCut (p=1, 3-regular)",6,1538445979,6,5,1,2,2,0.416496,5,0.833333,8,1.585926,2,true,true,true,1.000000,0.250000,1.0000,3.0000,1.0000,1.0000
true,"QAOA MaxCut (p=1, 3-regular)",6,3374227364,6,5,1,2,2,0.416496,5,0.833333,8,1.585926,2,true,true,true,1.000000,0.250000,1.0000,3.0000,1.0000,1.0000
true,"QAOA MaxCut (p=1, 3-regular)",6,4173432833,6,0,6,64,1,0.000000,0,0.000000,1,0.000000,64,true,true,true,0.000000,1.000000,0.0000,0.0000,6.0000,6.0000
true,"QAOA MaxCut (p=1, 3-regular)",6,1153650149,6,0,6,64,1,0.000000,0,0.000000,1,0.000000,64,true,true,true,0.000000,1.000000,0.0000,0.0000,6.0000,6.0000
true,"QAOA MaxCut (p=1, 3-regular)",8,3534788710,8,6,2,4,4,0.693147,4,0.500000,8,1.766690,16,true,true,false,0.500000,0.500000,2.0000,3.0000,2.0000,4.0000
true,"QAOA MaxCut (p=1, 3-regular)",8,2597712085,8,7,1,2,4,0.832991,6,0.750000,16,1.883893,4,true,false,false,1.000000,0.250000,2.0000,4.0000,1.0000,2.0000
true,"QAOA MaxCut (p=1, 3-regular)",8,720630823,8,0,8,256,1,0.000000,0,0.000000,1,0.000000,256,true,true,true,0.000000,1.000000,0.0000,0.0000,8.0000,8.0000
true,"QAOA MaxCut (p=1, 3-regular)",8,3478886609,8,0,8,256,1,0.000000,0,0.000000,1,0.000000,256,true,true,true,0.000000,1.000000,0.0000,0.0000,8.0000,8.0000
true,"QAOA MaxCut (p=1, 3-regular)",8,1867811303,8,6,2,4,2,0.416496,7,0.875000,16,2.092059,2,true,true,true,1.000000,0.125000,1.0000,4.0000,2.0000,1.0000
true,"Surface Code",5,1365054223,4,2,2,4,2,0.000000,2,0.500000,2,0.000000,4,true,true,true,0.500000,1.000000,1.0000,1.0000,2.0000,2.0000
true,"Surface Code",5,941868650,4,2,2,4,2,0.000000,2,0.500000,1,0.000000,4,true,true,true,0.500000,2.000000,1.0000,0.0000,2.0000,2.0000
true,"Surface Code",5,884903691,4,2,2,4,1,0.000000,2,0.500000,1,0.000000,4,true,true,true,0.000000,1.000000,0.0000,0.0000,2.0000,2.0000
true,"Surface Code",5,538703481,4,2,2,4,1,0.000000,2,0.500000,1,0.000000,4,true,true,true,0.000000,1.000000,0.0000,0.0000,2.0000,2.0000
true,"Surface Code",5,2449640196,4,2,2,4,1,0.000000,2,0.500000,1,0.000000,4,true,true,true,0.000000,1.000000,0.0000,0.0000,2.0000,2.0000
true,"Surface Code",5,2338688385,4,2,2,4,2,0.000000,2,0.500000,2,0.000000,4,true,true,true,0.500000,1.000000,1.0000,1.0000,2.0000,2.0000
true,"Surface Code",5,1521130027,4,2,2,4,1,0.000000,2,0.500000,1,0.000000,4,true,true,true,0.000000,1.000000,0.0000,0.0000,2.0000,2.0000
true,"Surface Code",5,550746137,4,2,2,4,1,0.000000,2,0.500000,1,0.000000,4,true,true,true,0.000000,1.000000,0.0000,0.0000,2.0000,2.0000
true,"Surface Code",5,373180768,4,2,2,4,2,0.000000,2,0.500000,1,0.000000,4,true,true,true,0.500000,2.000000,1.0000,0.0000,2.0000,2.0000
true,"Surface Code",5,2479004956,4,2,2,4,2,0.000000,2,0.500000,2,0.000000,4,true,true,true,0.500000,1.000000,1.0000,1.0000,2.0000,2.0000
true,"Surface Code",5,3503822831,4,2,2,4,2,0.000000,2,0.500000,2,0.000000,4,true,true,true,0.500000,1.000000,1.0000,1.0000,2.0000,2.0000
true,"Surface Code",5,1561886737,4,2,2,4,2,0.000000,2,0.500000,2,0.000000,4,true,true,true,0.500000,1.000000,1.0000,1.0000,2.0000,2.0000
true,"Surface Code",5,3910261796,4,2,2,4,2,0.000000,2,0.500000,2,0.000000,4,true,true,true,0.500000,1.000000,1.0000,1.0000,2.0000,2.0000
true,"Surface Code",5,1850881953,4,2,2,4,2,0.000000,2,0.500000,2,0.000000,4,true,true,true,0.500000,1.000000,1.0000,1.0000,2.0000,2.0000
true,"Surface Code",5,867320399,4,2,2,4,1,0.000000,2,0.500000,1,0.000000,4,true,true,true,0.000000,1.000000,0.0000,0.0000,2.0000,2.0000
true,"Surface Code",5,731833601,4,2,2,4,2,0.000000,2,0.500000,2,0.000000,4,true,true,true,0.500000,1.000000,1.0000,1.0000,2.0000,2.0000
true,"Surface Code",5,541946895,4,2,2,4,1,0.000000,2,0.500000,2,0.000000,4,true,true,true,0.000000,0.500000,0.0000,1.0000,2.0000,2.0000
true,"Surface Code",5,4115139845,4,2,2,4,2,0.000000,2,0.500000,1,0.000000,4,true,true,true,0.500000,2.000000,1.0000,0.0000,2.0000,2.0000
true,"Surface Code",5,2116126081,4,2,2,4,1,0.000000,2,0.500000,1,0.000000,4,true,true,true,0.000000,1.000000,0.0000,0.0000,2.0000,2.0000
true,"Surface Code",5,3640487275,4,2,2,4,1,0.000000,2,0.500000,1,0.000000,4,true,true,true,0.000000,1.000000,0.0000,0.0000,2.0000,2.0000
true,"Surface Code",5,478967713,4,2,2,4,2,0.000000,2,0.500000,2,0.000000,4,true,true,true,0.500000,1.000000,1.0000,1.0000,2.0000,2.0000
true,"Surface Code",5,1296653364,4,2,2,4,1,0.000000,2,0.500000,2,0.000000,4,true,true,true,0.000000,0.500000,0.0000,1.0000,2.0000,2.0000
true,"Surface Code",5,1781786389,4,2,2,4,1,0.000000,2,0.500000,1,0.000000,4,true,true,true,0.000000,1.000000,0.0000,0.0000,2.0000,2.0000
true,"Surface Code",5,3372546792,4,1,3,8,1,0.000000,1,0.250000,1,0.000000,8,true,true,true,0.000000,1.000000,0.0000,0.0000,3.0000,3.0000
true,"Surface Code",5,3167038223,4,2,2,4,2,0.000000,2,0.500000,2,0.000000,4,true,true,true,0.500000,1.000000,1.0000,1.0000,2.0000,2.0000
true,"Quantum Fourier Transform",4,4052379654,18,3,15,32768,1,0.000000,3,0.166667,1,0.000000,32768,true,true,true,0.000000,1.000000,0.0000,0.0000,15.0000,15.0000
true,"Quantum Fourier Transform",4,378798312,18,3,15,32768,1,0.000000,3,0.166667,1,0.000000,32768,true,true,true,0.000000,1.000000,0.0000,0.0000,15.0000,15.0000
true,"Quantum Fourier Transform",4,2047625250,18,3,15,32768,1,0.000000,3,0.166667,1,0.000000,32768,true,true,true,0.000000,1.000000,0.0000,0.0000,15.0000,15.0000
true,"Quantum Fourier Transform",4,2155106653,18,3,15,32768,1,0.000000,3,0.166667,1,0.000000,32768,true,true,true,0.000000,1.000000,0.0000,0.0000,15.0000,15.0000
true,"Quantum Fourier Transform",4,1091107056,18,3,15,32768,1,0.000000,3,0.166667,1,0.000000,32768,true,true,true,0.000000,1.000000,0.0000,0.0000,15.0000,15.0000
true,"Quantum Fourier Transform",5,3674303745,30,4,26,67108864,1,0.000000,4,0.133333,1,0.000000,67108864,true,true,true,0.000000,1.000000,0.0000,0.0000,26.0000,26.0000
true,"Quantum Fourier Transform",5,689273946,30,4,26,67108864,1,0.000000,4,0.133333,1,0.000000,67108864,true,true,true,0.000000,1.000000,0.0000,0.0000,26.0000,26.0000
true,"Quantum Fourier Transform",5,1428668206,30,4,26,67108864,1,0.000000,4,0.133333,1,0.000000,67108864,true,true,true,0.000000,1.000000,0.0000,0.0000,26.0000,26.0000
true,"Quantum Fourier Transform",5,3680429667,30,4,26,67108864,1,0.000000,4,0.133333,1,0.000000,67108864,true,true,true,0.000000,1.000000,0.0000,0.0000,26.0000,26.0000
true,"Quantum Fourier Transform",5,1752632923,30,4,26,67108864,1,0.000000,4,0.133333,1,0.000000,67108864,true,true,true,0.000000,1.000000,0.0000,0.0000,26.0000,26.0000
true,"Quantum Fourier Transform",6,3021393823,45,5,40,1099511627776,1,0.000000,5,0.111111,1,0.000000,1099511627776,true,true,true,0.000000,1.000000,0.0000,0.0000,40.0000,40.0000
true,"Quantum Fourier Transform",6,1541579437,45,5,40,1099511627776,1,0.000000,5,0.111111,1,0.000000,1099511627776,true,true,true,0.000000,1.000000,0.0000,0.0000,40.0000,40.0000
true,"Quantum Fourier Transform",6,2762915275,45,5,40,1099511627776,1,0.000000,5,0.111111,1,0.000000,1099511627776,true,true,true,0.000000,1.000000,0.0000,0.0000,40.0000,40.0000
true,"Quantum Fourier Transform",6,4098289025,45,5,40,1099511627776,1,0.000000,5,0.111111,1,0.000000,1099511627776,true,true,true,0.000000,1.000000,0.0000,0.0000,40.0000,40.0000
true,"Quantum Fourier Transform",6,1778437755,45,5,40,1099511627776,1,0.000000,5,0.111111,1,0.000000,1099511627776,true,true,true,0.000000,1.000000,0.0000,0.0000,40.0000,40.0000
true,"Quantum Fourier Transform",7,184576996,60,6,54,18014398509481984,1,0.000000,6,0.100000,1,0.000000,18014398509481984,true,true,true,0.000000,1.000000,0.0000,0.0000,54.0000,54.0000
true,"Quantum Fourier Transform",7,431648200,60,6,54,18014398509481984,1,0.000000,6,0.100000,1,0.000000,18014398509481984,true,true,true,0.000000,1.000000,0.0000,0.0000,54.0000,54.0000
true,"Quantum Fourier Transform",7,2626867802,60,6,54,18014398509481984,1,0.000000,6,0.100000,1,0.000000,18014398509481984,true,true,true,0.000000,1.000000,0.0000,0.0000,54.0000,54.0000
true,"Quantum Fourier Transform",7,152495430,60,6,54,18014398509481984,1,0.000000,6,0.100000,1,0.000000,18014398509481984,true,true,true,0.000000,1.000000,0.0000,0.0000,54.0000,54.0000
true,"Quantum Fourier Transform",7,2446224759,60,6,54,18014398509481984,1,0.000000,6,0.100000,1,0.000000,18014398509481984,true,true,true,0.000000,1.000000,0.0000,0.0000,54.0000,54.0000
true,"Quantum Fourier Transform",8,1136228185,75,7,68,4611686018427387903,1,0.000000,7,0.093333,1,0.000000,9223372036854775807,true,true,true,0.000000,1.000000,0.0000,0.0000,68.0000,68.0000
true,"Quantum Fourier Transform",8,3778001776,75,7,68,4611686018427387903,1,0.000000,7,0.093333,1,0.000000,9223372036854775807,true,true,true,0.000000,1.000000,0.0000,0.0000,68.0000,68.0000
true,"Quantum Fourier Transform",8,2612876086,75,7,68,4611686018427387903,1,0.000000,7,0.093333,1,0.000000,9223372036854775807,true,true,true,0.000000,1.000000,0.0000,0.0000,68.0000,68.0000
true,"Quantum Fourier Transform",8,1596072200,75,7,68,4611686018427387903,1,0.000000,7,0.093333,1,0.000000,9223372036854775807,true,true,true,0.000000,1.000000,0.0000,0.0000,68.0000,68.0000
true,"Quantum Fourier Transform",8,77006364,75,7,68,4611686018427387903,1,0.000000,7,0.093333,1,0.000000,9223372036854775807,true,true,true,0.000000,1.000000,0.0000,0.0000,68.0000,68.0000
true,"Grover Search",4,1407564603,84,4,80,4611686018427387903,1,0.000000,4,0.047619,1,0.000000,9223372036854775807,true,true,true,0.000000,1.000000,0.0000,0.0000,80.0000,80.0000
true,"Grover Search",4,74812687,84,4,80,4611686018427387903,1,0.000000,4,0.047619,1,0.000000,9223372036854775807,true,true,true,0.000000,1.000000,0.0000,0.0000,80.0000,80.0000
true,"Grover Search",4,897591179,84,4,80,4611686018427387903,1,0.000000,4,0.047619,1,0.000000,9223372036854775807,true,true,true,0.000000,1.000000,0.0000,0.0000,80.0000,80.0000
true,"Grover Search",4,81597263,84,4,80,4611686018427387903,1,0.000000,4,0.047619,1,0.000000,9223372036854775807,true,true,true,0.000000,1.000000,0.0000,0.0000,80.0000,80.0000
true,"Grover Search",4,2895460973,84,4,80,4611686018427387903,1,0.000000,4,0.047619,1,0.000000,9223372036854775807,true,true,true,0.000000,1.000000,0.0000,0.0000,80.0000,80.0000
true,"Grover Search",5,1760721827,140,5,135,4611686018427387903,4,0.189006,5,0.035714,4,0.233187,9223372036854775807,true,true,true,0.014815,1.000000,2.0000,2.0000,135.0000,135.0000
true,"Grover Search",5,4273772317,140,5,135,4611686018427387903,4,0.189006,5,0.035714,4,0.233187,9223372036854775807,true,true,true,0.014815,1.000000,2.0000,2.0000,135.0000,135.0000
true,"Grover Search",5,3094124348,140,5,135,4611686018427387903,4,0.189006,5,0.035714,4,0.233187,9223372036854775807,true,true,true,0.014815,1.000000,2.0000,2.0000,135.0000,135.0000
true,"Grover Search",5,1378923,140,5,135,4611686018427387903,4,0.189006,5,0.035714,4,0.233187,9223372036854775807,true,true,true,0.014815,1.000000,2.0000,2.0000,135.0000,135.0000
true,"Grover Search",5,4130792989,140,5,135,4611686018427387903,4,0.189006,5,0.035714,4,0.233187,9223372036854775807,true,true,true,0.014815,1.000000,2.0000,2.0000,135.0000,135.0000
true,"Grover Search",6,1760253226,294,6,288,4611686018427387903,6,1.325715,6,0.020408,6,1.325715,9223372036854775807,true,true,true,0.008976,1.000000,2.5850,2.5850,288.0000,288.0000
true,"Grover Search",6,1119185974,294,6,288,4611686018427387903,6,1.325715,6,0.020408,6,1.325715,9223372036854775807,true,true,true,0.008976,1.000000,2.5850,2.5850,288.0000,288.0000
true,"Grover Search",6,581669257,294,6,288,4611686018427387903,6,1.325715,6,0.020408,6,1.325715,9223372036854775807,true,true,true,0.008976,1.000000,2.5850,2.5850,288.0000,288.0000
true,"Grover Search",6,1909653088,294,6,288,4611686018427387903,6,1.325715,6,0.020408,6,1.325715,9223372036854775807,true,true,true,0.008976,1.000000,2.5850,2.5850,288.0000,288.0000
true,"Grover Search",6,3923330227,294,6,288,4611686018427387903,6,1.325715,6,0.020408,6,1.325715,9223372036854775807,true,true,true,0.008976,1.000000,2.5850,2.5850,288.0000,288.0000
true,"Grover Search",7,3823043544,504,7,497,4611686018427387903,8,0.152144,7,0.013889,8,0.152144,9223372036854775807,true,true,true,0.006036,1.000000,3.0000,3.0000,497.0000,497.0000
true,"Grover Search",7,2813656110,504,7,497,4611686018427387903,8,0.152144,7,0.013889,8,0.152144,9223372036854775807,true,true,true,0.006036,1.000000,3.0000,3.0000,497.0000,497.0000
true,"Grover Search",7,1346573695,504,7,497,4611686018427387903,8,0.152144,7,0.013889,8,0.152144,9223372036854775807,true,true,true,0.006036,1.000000,3.0000,3.0000,497.0000,497.0000
true,"Grover Search",7,1331152018,504,7,497,4611686018427387903,8,0.152144,7,0.013889,8,0.152144,9223372036854775807,true,true,true,0.006036,1.000000,3.0000,3.0000,497.0000,497.0000
true,"Grover Search",7,590683657,504,7,497,4611686018427387903,8,0.152144,7,0.013889,8,0.152144,9223372036854775807,true,true,true,0.006036,1.000000,3.0000,3.0000,497.0000,497.0000
true,"Grover Search",8,1173192747,924,8,916,4611686018427387903,10,0.558965,8,0.008658,10,0.558965,9223372036854775807,true,true,true,0.003627,1.000000,3.3219,3.3219,916.0000,916.0000
true,"Grover Search",8,3464000625,924,8,916,4611686018427387903,10,0.558965,8,0.008658,10,0.558965,9223372036854775807,true,true,true,0.003627,1.000000,3.3219,3.3219,916.0000,916.0000
true,"Grover Search",8,762675450,924,8,916,4611686018427387903,10,0.558965,8,0.008658,10,0.558965,9223372036854775807,true,true,true,0.003627,1.000000,3.3219,3.3219,916.0000,916.0000
true,"Grover Search",8,1851414109,924,8,916,4611686018427387903,10,0.558965,8,0.008658,10,0.558965,9223372036854775807,true,true,true,0.003627,1.000000,3.3219,3.3219,916.0000,916.0000
true,"Grover Search",8,1855002429,924,8,916,4611686018427387903,10,0.558965,8,0.008658,10,0.558965,9223372036854775807,true,true,true,0.003627,1.000000,3.3219,3.3219,916.0000,916.0000
true,"VQE Hardware-Efficient Ansatz",4,3111377894,420,4,416,4611686018427387903,4,0.886632,4,0.009524,4,0.886632,9223372036854775807,true,true,true,0.004808,1.000000,2.0000,2.0000,416.0000,416.0000
true,"VQE Hardware-Efficient Ansatz",4,2757197063,422,4,418,4611686018427387903,4,0.886632,4,0.009479,4,0.886632,9223372036854775807,true,true,true,0.004785,1.000000,2.0000,2.0000,418.0000,418.0000
true,"VQE Hardware-Efficient Ansatz",4,2275021683,408,4,404,4611686018427387903,4,0.692385,4,0.009804,4,0.692385,9223372036854775807,true,true,true,0.004950,1.000000,2.0000,2.0000,404.0000,404.0000
true,"VQE Hardware-Efficient Ansatz",4,3338702321,415,4,411,4611686018427387903,4,0.886632,4,0.009639,4,0.886632,9223372036854775807,true,true,true,0.004866,1.000000,2.0000,2.0000,411.0000,411.0000
true,"VQE Hardware-Efficient Ansatz",4,1421988066,414,4,410,4611686018427387903,4,0.739355,4,0.009662,4,0.739355,9223372036854775807,true,true,true,0.004878,1.000000,2.0000,2.0000,410.0000,410.0000
true,"VQE Hardware-Efficient Ansatz",5,1200031645,511,5,506,4611686018427387903,8,1.136308,5,0.009785,8,1.136308,9223372036854775807,true,true,true,0.005929,1.000000,3.0000,3.0000,506.0000,506.0000
true,"VQE Hardware-Efficient Ansatz",5,3503075363,518,5,513,4611686018427387903,6,1.057875,5,0.009653,6,1.057875,9223372036854775807,true,true,true,0.005039,1.000000,2.5850,2.5850,513.0000,513.0000
true,"VQE Hardware-Efficient Ansatz",5,2989247832,506,5,501,4611686018427387903,8,0.876258,5,0.009881,8,0.876258,9223372036854775807,true,true,true,0.005988,1.000000,3.0000,3.0000,501.0000,501.0000
true,"VQE Hardware-Efficient Ansatz",5,3953321680,512,5,507,4611686018427387903,6,1.003784,5,0.009766,6,1.003784,9223372036854775807,true,true,true,0.005099,1.000000,2.5850,2.5850,507.0000,507.0000
true,"VQE Hardware-Efficient Ansatz",5,477630597,519,5,514,4611686018427387903,6,1.003784,5,0.009634,6,1.003784,9223372036854775807,true,true,true,0.005029,1.000000,2.5850,2.5850,514.0000,514.0000
true,"VQE Hardware-Efficient Ansatz",6,1518716474,617,6,611,4611686018427387903,8,1.055076,6,0.009724,8,1.055076,9223372036854775807,true,true,true,0.004910,1.000000,3.0000,3.0000,611.0000,611.0000
true,"VQE Hardware-Efficient Ansatz",6,652797570,608,6,602,4611686018427387903,8,1.197261,6,0.009868,8,1.197261,9223372036854775807,true,true,true,0.004983,1.000000,3.0000,3.0000,602.0000,602.0000
true,"VQE Hardware-Efficient Ansatz",6,1586649435,626,6,620,4611686018427387903,8,1.226685,6,0.009585,8,1.226685,9223372036854775807,true,true,true,0.004839,1.000000,3.0000,3.0000,620.0000,620.0000
true,"VQE Hardware-Efficient Ansatz",6,1731053794,625,6,619,4611686018427387903,8,1.084026,6,0.009600,8,1.084026,9223372036854775807,true,true,true,0.004847,1.000000,3.0000,3.0000,619.0000,619.0000
true,"VQE Hardware-Efficient Ansatz",6,2372356799,618,6,612,4611686018427387903,8,1.197261,6,0.009709,8,1.197261,9223372036854775807,true,true,true,0.004902,1.000000,3.0000,3.0000,612.0000,612.0000
true,"VQE Hardware-Efficient Ansatz",7,479823919,730,7,723,4611686018427387903,8,1.291876,7,0.009589,8,1.291876,9223372036854775807,true,true,true,0.004149,1.000000,3.0000,3.0000,723.0000,723.0000
true,"VQE Hardware-Efficient Ansatz",7,3325034420,727,7,720,4611686018427387903,8,1.197261,7,0.009629,8,1.197261,9223372036854775807,true,true,true,0.004167,1.000000,3.0000,3.0000,720.0000,720.0000
true,"VQE Hardware-Efficient Ansatz",7,2918734338,715,7,708,4611686018427387903,8,1.233924,7,0.009790,8,1.233924,9223372036854775807,true,true,true,0.004237,1.000000,3.0000,3.0000,708.0000,708.0000
true,"VQE Hardware-Efficient Ansatz",7,2049745394,728,7,721,4611686018427387903,8,1.259918,7,0.009615,8,1.259918,9223372036854775807,true,true,true,0.004161,1.000000,3.0000,3.0000,721.0000,721.0000
true,"VQE Hardware-Efficient Ansatz",7,4111181083,705,7,698,4611686018427387903,8,0.937032,7,0.009929,8,0.937032,9223372036854775807,true,true,true,0.004298,1.000000,3.0000,3.0000,698.0000,698.0000
true,"VQE Hardware-Efficient Ansatz",8,454302226,813,8,805,4611686018427387903,8,1.095327,8,0.009840,8,1.095327,9223372036854775807,true,true,true,0.003727,1.000000,3.0000,3.0000,805.0000,805.0000
true,"VQE Hardware-Efficient Ansatz",8,1305223991,825,8,817,4611686018427387903,8,1.276748,8,0.009697,8,1.276748,9223372036854775807,true,true,true,0.003672,1.000000,3.0000,3.0000,817.0000,817.0000
true,"VQE Hardware-Efficient Ansatz",8,2849039214,829,8,821,4611686018427387903,8,1.118940,8,0.009650,8,1.118940,9223372036854775807,true,true,true,0.003654,1.000000,3.0000,3.0000,821.0000,821.0000
true,"VQE Hardware-Efficient Ansatz",8,2828454375,811,8,803,4611686018427387903,8,1.251915,8,0.009864,8,1.251915,9223372036854775807,true,true,true,0.003736,1.000000,3.0000,3.0000,803.0000,803.0000
true,"VQE Hardware-Efficient Ansatz",8,2016400796,808,8,800,4611686018427387903,8,1.109099,8,0.009901,8,1.109099,9223372036854775807,true,true,true,0.003750,1.000000,3.0000,3.0000,800.0000,800.0000
