n_qubits,t_index,qubit,angle,cumulative_rank,rank_delta
8,1,2,0.7853981634,0,0
8,2,2,-0.7853981634,1,1
8,3,1,0.7853981634,1,0
8,4,3,0.3926990817,1,0
8,5,3,-0.3926990817,1,0
8,6,1,0.3926990817,1,0
8,7,4,0.1963495408,1,0
8,8,4,-0.1963495408,1,0
8,9,1,0.1963495408,1,0
8,10,5,0.0981747704,1,0
8,11,5,-0.0981747704,1,0
8,12,1,0.0981747704,1,0
8,13,6,0.0490873852,1,0
8,14,6,-0.0490873852,1,0
8,15,1,0.0490873852,1,0
8,16,7,0.0245436926,1,0
8,17,7,-0.0245436926,1,0
8,18,1,0.0245436926,1,0
8,19,8,0.0122718463,1,0
8,20,8,-0.0122718463,1,0
8,21,1,0.0122718463,1,0
8,22,3,0.7853981634,1,0
8,23,3,-0.7853981634,2,1
8,24,2,0.7853981634,2,0
8,25,4,0.3926990817,2,0
8,26,4,-0.3926990817,2,0
8,27,2,0.3926990817,2,0
8,28,5,0.1963495408,2,0
8,29,5,-0.1963495408,2,0
8,30,2,0.1963495408,2,0
8,31,6,0.0981747704,2,0
8,32,6,-0.0981747704,2,0
8,33,2,0.0981747704,2,0
8,34,7,0.0490873852,2,0
8,35,7,-0.0490873852,2,0
8,36,2,0.0490873852,2,0
8,37,8,0.0245436926,2,0
8,38,8,-0.0245436926,2,0
8,39,2,0.0245436926,2,0
8,40,4,0.7853981634,2,0
8,41,4,-0.7853981634,3,1
8,42,3,0.7853981634,3,0
8,43,5,0.3926990817,3,0
8,44,5,-0.3926990817,3,0
8,45,3,0.3926990817,3,0
8,46,6,0.1963495408,3,0
8,47,6,-0.1963495408,3,0
8,48,3,0.1963495408,3,0
8,49,7,0.0981747704,3,0
8,50,7,-0.0981747704,3,0
8,51,3,0.0981747704,3,0
8,52,8,0.0490873852,3,0
8,53,8,-0.0490873852,3,0
8,54,3,0.0490873852,3,0
8,55,5,0.7853981634,3,0
8,56,5,-0.7853981634,4,1
8,57,4,0.7853981634,4,0
8,58,6,0.3926990817,4,0
8,59,6,-0.3926990817,4,0
8,60,4,0.3926990817,4,0
8,61,7,0.1963495408,4,0
8,62,7,-0.1963495408,4,0
8,63,4,0.1963495408,4,0
8,64,8,0.0981747704,4,0
8,65,8,-0.0981747704,4,0
8,66,4,0.0981747704,4,0
8,67,6,0.7853981634,4,0
8,68,6,-0.7853981634,5,1
8,69,5,0.7853981634,5,0
8,70,7,0.3926990817,5,0
8,71,7,-0.3926990817,5,0
8,72,5,0.3926990817,5,0
8,73,8,0.1963495408,5,0
8,74,8,-0.1963495408,5,0
8,75,5,0.1963495408,5,0
8,76,7,0.7853981634,5,0
8,77,7,-0.7853981634,6,1
8,78,6,0.7853981634,6,0
8,79,8,0.3926990817,6,0
8,80,8,-0.3926990817,6,0
8,81,6,0.3926990817,6,0
8,82,8,0.7853981634,6,0
8,83,8,-0.7853981634,7,1
8,84,7,0.7853981634,7,0
16,1,2,0.7853981634,0,0
16,2,2,-0.7853981634,1,1
16,3,1,0.7853981634,1,0
16,4,3,0.3926990817,1,0
16,5,3,-0.3926990817,1,0
16,6,1,0.3926990817,1,0
16,7,4,0.1963495408,1,0
16,8,4,-0.1963495408,1,0
16,9,1,0.1963495408,1,0
16,10,5,0.0981747704,1,0
16,11,5,-0.0981747704,1,0
16,12,1,0.0981747704,1,0
16,13,6,0.0490873852,1,0
16,14,6,-0.0490873852,1,0
16,15,1,0.0490873852,1,0
16,16,7,0.0245436926,1,0
16,17,7,-0.0245436926,1,0
16,18,1,0.0245436926,1,0
16,19,8,0.0122718463,1,0
16,20,8,-0.0122718463,1,0
16,21,1,0.0122718463,1,0
16,22,9,0.0061359232,1,0
16,23,9,-0.0061359232,1,0
16,24,1,0.0061359232,1,0
16,25,10,0.0030679616,1,0
16,26,10,-0.0030679616,1,0
16,27,1,0.0030679616,1,0
16,28,11,0.0015339808,1,0
16,29,11,-0.0015339808,1,0
16,30,1,0.0015339808,1,0
16,31,12,0.0007669904,1,0
16,32,12,-0.0007669904,1,0
16,33,1,0.0007669904,1,0
16,34,13,0.0003834952,1,0
16,35,13,-0.0003834952,1,0
16,36,1,0.0003834952,1,0
16,37,14,0.0001917476,1,0
16,38,14,-0.0001917476,1,0
16,39,1,0.0001917476,1,0
16,40,15,0.0000958738,1,0
16,41,15,-0.0000958738,1,0
16,42,1,0.0000958738,1,0
16,43,16,0.0000479369,1,0
16,44,16,-0.0000479369,1,0
16,45,1,0.0000479369,1,0
16,46,3,0.7853981634,1,0
16,47,3,-0.7853981634,2,1
16,48,2,0.7853981634,2,0
16,49,4,0.3926990817,2,0
16,50,4,-0.3926990817,2,0
16,51,2,0.3926990817,2,0
16,52,5,0.1963495408,2,0
16,53,5,-0.1963495408,2,0
16,54,2,0.1963495408,2,0
16,55,6,0.0981747704,2,0
16,56,6,-0.0981747704,2,0
16,57,2,0.0981747704,2,0
16,58,7,0.0490873852,2,0
16,59,7,-0.0490873852,2,0
16,60,2,0.0490873852,2,0
16,61,8,0.0245436926,2,0
16,62,8,-0.0245436926,2,0
16,63,2,0.0245436926,2,0
16,64,9,0.0122718463,2,0
16,65,9,-0.0122718463,2,0
16,66,2,0.0122718463,2,0
16,67,10,0.0061359232,2,0
16,68,10,-0.0061359232,2,0
16,69,2,0.0061359232,2,0
16,70,11,0.0030679616,2,0
16,71,11,-0.0030679616,2,0
16,72,2,0.0030679616,2,0
16,73,12,0.0015339808,2,0
16,74,12,-0.0015339808,2,0
16,75,2,0.0015339808,2,0
16,76,13,0.0007669904,2,0
16,77,13,-0.0007669904,2,0
16,78,2,0.0007669904,2,0
16,79,14,0.0003834952,2,0
16,80,14,-0.0003834952,2,0
16,81,2,0.0003834952,2,0
16,82,15,0.0001917476,2,0
16,83,15,-0.0001917476,2,0
16,84,2,0.0001917476,2,0
16,85,16,0.0000958738,2,0
16,86,16,-0.0000958738,2,0
16,87,2,0.0000958738,2,0
16,88,4,0.7853981634,2,0
16,89,4,-0.7853981634,3,1
16,90,3,0.7853981634,3,0
16,91,5,0.3926990817,3,0
16,92,5,-0.3926990817,3,0
16,93,3,0.3926990817,3,0
16,94,6,0.1963495408,3,0
16,95,6,-0.1963495408,3,0
16,96,3,0.1963495408,3,0
16,97,7,0.0981747704,3,0
16,98,7,-0.0981747704,3,0
16,99,3,0.0981747704,3,0
16,100,8,0.0490873852,3,0
16,101,8,-0.0490873852,3,0
16,102,3,0.0490873852,3,0
16,103,9,0.0245436926,3,0
16,104,9,-0.0245436926,3,0
16,105,3,0.0245436926,3,0
16,106,10,0.0122718463,3,0
16,107,10,-0.0122718463,3,0
16,108,3,0.0122718463,3,0
16,109,11,0.0061359232,3,0
16,110,11,-0.0061359232,3,0
16,111,3,0.0061359232,3,0
16,112,12,0.0030679616,3,0
16,113,12,-0.0030679616,3,0
16,114,3,0.0030679616,3,0
16,115,13,0.0015339808,3,0
16,116,13,-0.0015339808,3,0
16,117,3,0.0015339808,3,0
16,118,14,0.0007669904,3,0
16,119,14,-0.0007669904,3,0
16,120,3,0.0007669904,3,0
16,121,15,0.0003834952,3,0
16,122,15,-0.0003834952,3,0
16,123,3,0.0003834952,3,0
16,124,16,0.0001917476,3,0
16,125,16,-0.0001917476,3,0
16,126,3,0.0001917476,3,0
16,127,5,0.7853981634,3,0
16,128,5,-0.7853981634,4,1
16,129,4,0.7853981634,4,0
16,130,6,0.3926990817,4,0
16,131,6,-0.3926990817,4,0
16,132,4,0.3926990817,4,0
16,133,7,0.1963495408,4,0
16,134,7,-0.1963495408,4,0
16,135,4,0.1963495408,4,0
16,136,8,0.0981747704,4,0
16,137,8,-0.0981747704,4,0
16,138,4,0.0981747704,4,0
16,139,9,0.0490873852,4,0
16,140,9,-0.0490873852,4,0
16,141,4,0.0490873852,4,0
16,142,10,0.0245436926,4,0
16,143,10,-0.0245436926,4,0
16,144,4,0.0245436926,4,0
16,145,11,0.0122718463,4,0
16,146,11,-0.0122718463,4,0
16,147,4,0.0122718463,4,0
16,148,12,0.0061359232,4,0
16,149,12,-0.0061359232,4,0
16,150,4,0.0061359232,4,0
16,151,13,0.0030679616,4,0
16,152,13,-0.0030679616,4,0
16,153,4,0.0030679616,4,0
16,154,14,0.0015339808,4,0
16,155,14,-0.0015339808,4,0
16,156,4,0.0015339808,4,0
16,157,15,0.0007669904,4,0
16,158,15,-0.0007669904,4,0
16,159,4,0.0007669904,4,0
16,160,16,0.0003834952,4,0
16,161,16,-0.0003834952,4,0
16,162,4,0.0003834952,4,0
16,163,6,0.7853981634,4,0
16,164,6,-0.7853981634,5,1
16,165,5,0.7853981634,5,0
16,166,7,0.3926990817,5,0
16,167,7,-0.3926990817,5,0
16,168,5,0.3926990817,5,0
16,169,8,0.1963495408,5,0
16,170,8,-0.1963495408,5,0
16,171,5,0.1963495408,5,0
16,172,9,0.0981747704,5,0
16,173,9,-0.0981747704,5,0
16,174,5,0.0981747704,5,0
16,175,10,0.0490873852,5,0
16,176,10,-0.0490873852,5,0
16,177,5,0.0490873852,5,0
16,178,11,0.0245436926,5,0
16,179,11,-0.0245436926,5,0
16,180,5,0.0245436926,5,0
16,181,12,0.0122718463,5,0
16,182,12,-0.0122718463,5,0
16,183,5,0.0122718463,5,0
16,184,13,0.0061359232,5,0
16,185,13,-0.0061359232,5,0
16,186,5,0.0061359232,5,0
16,187,14,0.0030679616,5,0
16,188,14,-0.0030679616,5,0
16,189,5,0.0030679616,5,0
16,190,15,0.0015339808,5,0
16,191,15,-0.0015339808,5,0
16,192,5,0.0015339808,5,0
16,193,16,0.0007669904,5,0
16,194,16,-0.0007669904,5,0
16,195,5,0.0007669904,5,0
16,196,7,0.7853981634,5,0
16,197,7,-0.7853981634,6,1
16,198,6,0.7853981634,6,0
16,199,8,0.3926990817,6,0
16,200,8,-0.3926990817,6,0
16,201,6,0.3926990817,6,0
16,202,9,0.1963495408,6,0
16,203,9,-0.1963495408,6,0
16,204,6,0.1963495408,6,0
16,205,10,0.0981747704,6,0
16,206,10,-0.0981747704,6,0
16,207,6,0.0981747704,6,0
16,208,11,0.0490873852,6,0
16,209,11,-0.0490873852,6,0
16,210,6,0.0490873852,6,0
16,211,12,0.0245436926,6,0
16,212,12,-0.0245436926,6,0
16,213,6,0.0245436926,6,0
16,214,13,0.0122718463,6,0
16,215,13,-0.0122718463,6,0
16,216,6,0.0122718463,6,0
16,217,14,0.0061359232,6,0
16,218,14,-0.0061359232,6,0
16,219,6,0.0061359232,6,0
16,220,15,0.0030679616,6,0
16,221,15,-0.0030679616,6,0
16,222,6,0.0030679616,6,0
16,223,16,0.0015339808,6,0
16,224,16,-0.0015339808,6,0
16,225,6,0.0015339808,6,0
16,226,8,0.7853981634,6,0
16,227,8,-0.7853981634,7,1
16,228,7,0.7853981634,7,0
16,229,9,0.3926990817,7,0
16,230,9,-0.3926990817,7,0
16,231,7,0.3926990817,7,0
16,232,10,0.1963495408,7,0
16,233,10,-0.1963495408,7,0
16,234,7,0.1963495408,7,0
16,235,11,0.0981747704,7,0
16,236,11,-0.0981747704,7,0
16,237,7,0.0981747704,7,0
16,238,12,0.0490873852,7,0
16,239,12,-0.0490873852,7,0
16,240,7,0.0490873852,7,0
16,241,13,0.0245436926,7,0
16,242,13,-0.0245436926,7,0
16,243,7,0.0245436926,7,0
16,244,14,0.0122718463,7,0
16,245,14,-0.0122718463,7,0
16,246,7,0.0122718463,7,0
16,247,15,0.0061359232,7,0
16,248,15,-0.0061359232,7,0
16,249,7,0.0061359232,7,0
16,250,16,0.0030679616,7,0
16,251,16,-0.0030679616,7,0
16,252,7,0.0030679616,7,0
16,253,9,0.7853981634,7,0
16,254,9,-0.7853981634,8,1
16,255,8,0.7853981634,8,0
16,256,10,0.3926990817,8,0
16,257,10,-0.3926990817,8,0
16,258,8,0.3926990817,8,0
16,259,11,0.1963495408,8,0
16,260,11,-0.1963495408,8,0
16,261,8,0.1963495408,8,0
16,262,12,0.0981747704,8,0
16,263,12,-0.0981747704,8,0
16,264,8,0.0981747704,8,0
16,265,13,0.0490873852,8,0
16,266,13,-0.0490873852,8,0
16,267,8,0.0490873852,8,0
16,268,14,0.0245436926,8,0
16,269,14,-0.0245436926,8,0
16,270,8,0.0245436926,8,0
16,271,15,0.0122718463,8,0
16,272,15,-0.0122718463,8,0
16,273,8,0.0122718463,8,0
16,274,16,0.0061359232,8,0
16,275,16,-0.0061359232,8,0
16,276,8,0.0061359232,8,0
16,277,10,0.7853981634,8,0
16,278,10,-0.7853981634,9,1
16,279,9,0.7853981634,9,0
16,280,11,0.3926990817,9,0
16,281,11,-0.3926990817,9,0
16,282,9,0.3926990817,9,0
16,283,12,0.1963495408,9,0
16,284,12,-0.1963495408,9,0
16,285,9,0.1963495408,9,0
16,286,13,0.0981747704,9,0
16,287,13,-0.0981747704,9,0
16,288,9,0.0981747704,9,0
16,289,14,0.0490873852,9,0
16,290,14,-0.0490873852,9,0
16,291,9,0.0490873852,9,0
16,292,15,0.0245436926,9,0
16,293,15,-0.0245436926,9,0
16,294,9,0.0245436926,9,0
16,295,16,0.0122718463,9,0
16,296,16,-0.0122718463,9,0
16,297,9,0.0122718463,9,0
16,298,11,0.7853981634,9,0
16,299,11,-0.7853981634,10,1
16,300,10,0.7853981634,10,0
16,301,12,0.3926990817,10,0
16,302,12,-0.3926990817,10,0
16,303,10,0.3926990817,10,0
16,304,13,0.1963495408,10,0
16,305,13,-0.1963495408,10,0
16,306,10,0.1963495408,10,0
16,307,14,0.0981747704,10,0
16,308,14,-0.0981747704,10,0
16,309,10,0.0981747704,10,0
16,310,15,0.0490873852,10,0
16,311,15,-0.0490873852,10,0
16,312,10,0.0490873852,10,0
16,313,16,0.0245436926,10,0
16,314,16,-0.0245436926,10,0
16,315,10,0.0245436926,10,0
16,316,12,0.7853981634,10,0
16,317,12,-0.7853981634,11,1
16,318,11,0.7853981634,11,0
16,319,13,0.3926990817,11,0
16,320,13,-0.3926990817,11,0
16,321,11,0.3926990817,11,0
16,322,14,0.1963495408,11,0
16,323,14,-0.1963495408,11,0
16,324,11,0.1963495408,11,0
16,325,15,0.0981747704,11,0
16,326,15,-0.0981747704,11,0
16,327,11,0.0981747704,11,0
16,328,16,0.0490873852,11,0
16,329,16,-0.0490873852,11,0
16,330,11,0.0490873852,11,0
16,331,13,0.7853981634,11,0
16,332,13,-0.7853981634,12,1
16,333,12,0.7853981634,12,0
16,334,14,0.3926990817,12,0
16,335,14,-0.3926990817,12,0
16,336,12,0.3926990817,12,0
16,337,15,0.1963495408,12,0
16,338,15,-0.1963495408,12,0
16,339,12,0.1963495408,12,0
16,340,16,0.0981747704,12,0
16,341,16,-0.0981747704,12,0
16,342,12,0.0981747704,12,0
16,343,14,0.7853981634,12,0
16,344,14,-0.7853981634,13,1
16,345,13,0.7853981634,13,0
16,346,15,0.3926990817,13,0
16,347,15,-0.3926990817,13,0
16,348,13,0.3926990817,13,0
16,349,16,0.1963495408,13,0
16,350,16,-0.1963495408,13,0
16,351,13,0.1963495408,13,0
16,352,15,0.7853981634,13,0
16,353,15,-0.7853981634,14,1
16,354,14,0.7853981634,14,0
16,355,16,0.3926990817,14,0
16,356,16,-0.3926990817,14,0
16,357,14,0.3926990817,14,0
16,358,16,0.7853981634,14,0
16,359,16,-0.7853981634,15,1
16,360,15,0.7853981634,15,0
32,1,2,0.7853981634,0,0
32,2,2,-0.7853981634,1,1
32,3,1,0.7853981634,1,0
32,4,3,0.3926990817,1,0
32,5,3,-0.3926990817,1,0
32,6,1,0.3926990817,1,0
32,7,4,0.1963495408,1,0
32,8,4,-0.1963495408,1,0
32,9,1,0.1963495408,1,0
32,10,5,0.0981747704,1,0
32,11,5,-0.0981747704,1,0
32,12,1,0.0981747704,1,0
32,13,6,0.0490873852,1,0
32,14,6,-0.0490873852,1,0
32,15,1,0.0490873852,1,0
32,16,7,0.0245436926,1,0
32,17,7,-0.0245436926,1,0
32,18,1,0.0245436926,1,0
32,19,8,0.0122718463,1,0
32,20,8,-0.0122718463,1,0
32,21,1,0.0122718463,1,0
32,22,9,0.0061359232,1,0
32,23,9,-0.0061359232,1,0
32,24,1,0.0061359232,1,0
32,25,10,0.0030679616,1,0
32,26,10,-0.0030679616,1,0
32,27,1,0.0030679616,1,0
32,28,11,0.0015339808,1,0
32,29,11,-0.0015339808,1,0
32,30,1,0.0015339808,1,0
32,31,12,0.0007669904,1,0
32,32,12,-0.0007669904,1,0
32,33,1,0.0007669904,1,0
32,34,13,0.0003834952,1,0
32,35,13,-0.0003834952,1,0
32,36,1,0.0003834952,1,0
32,37,14,0.0001917476,1,0
32,38,14,-0.0001917476,1,0
32,39,1,0.0001917476,1,0
32,40,15,0.0000958738,1,0
32,41,15,-0.0000958738,1,0
32,42,1,0.0000958738,1,0
32,43,16,0.0000479369,1,0
32,44,16,-0.0000479369,1,0
32,45,1,0.0000479369,1,0
32,46,17,0.0000239684,1,0
32,47,17,-0.0000239684,1,0
32,48,1,0.0000239684,1,0
32,49,18,0.0000119842,1,0
32,50,18,-0.0000119842,1,0
32,51,1,0.0000119842,1,0
32,52,19,0.0000059921,1,0
32,53,19,-0.0000059921,1,0
32,54,1,0.0000059921,1,0
32,55,20,0.0000029961,1,0
32,56,20,-0.0000029961,1,0
32,57,1,0.0000029961,1,0
32,58,21,0.0000014980,1,0
32,59,21,-0.0000014980,1,0
32,60,1,0.0000014980,1,0
32,61,22,0.0000007490,1,0
32,62,22,-0.0000007490,1,0
32,63,1,0.0000007490,1,0
32,64,23,0.0000003745,1,0
32,65,23,-0.0000003745,1,0
32,66,1,0.0000003745,1,0
32,67,24,0.0000001873,1,0
32,68,24,-0.0000001873,1,0
32,69,1,0.0000001873,1,0
32,70,25,0.0000000936,1,0
32,71,25,-0.0000000936,1,0
32,72,1,0.0000000936,1,0
32,73,26,0.0000000468,1,0
32,74,26,-0.0000000468,1,0
32,75,1,0.0000000468,1,0
32,76,27,0.0000000234,1,0
32,77,27,-0.0000000234,1,0
32,78,1,0.0000000234,1,0
32,79,28,0.0000000117,1,0
32,80,28,-0.0000000117,1,0
32,81,1,0.0000000117,1,0
32,82,29,0.0000000059,1,0
32,83,29,-0.0000000059,1,0
32,84,1,0.0000000059,1,0
32,85,30,0.0000000029,1,0
32,86,30,-0.0000000029,1,0
32,87,1,0.0000000029,1,0
32,88,31,0.0000000015,1,0
32,89,31,-0.0000000015,1,0
32,90,1,0.0000000015,1,0
32,91,32,0.0000000007,1,0
32,92,32,-0.0000000007,1,0
32,93,1,0.0000000007,1,0
32,94,3,0.7853981634,1,0
32,95,3,-0.7853981634,2,1
32,96,2,0.7853981634,2,0
32,97,4,0.3926990817,2,0
32,98,4,-0.3926990817,2,0
32,99,2,0.3926990817,2,0
32,100,5,0.1963495408,2,0
32,101,5,-0.1963495408,2,0
32,102,2,0.1963495408,2,0
32,103,6,0.0981747704,2,0
32,104,6,-0.0981747704,2,0
32,105,2,0.0981747704,2,0
32,106,7,0.0490873852,2,0
32,107,7,-0.0490873852,2,0
32,108,2,0.0490873852,2,0
32,109,8,0.0245436926,2,0
32,110,8,-0.0245436926,2,0
32,111,2,0.0245436926,2,0
32,112,9,0.0122718463,2,0
32,113,9,-0.0122718463,2,0
32,114,2,0.0122718463,2,0
32,115,10,0.0061359232,2,0
32,116,10,-0.0061359232,2,0
32,117,2,0.0061359232,2,0
32,118,11,0.0030679616,2,0
32,119,11,-0.0030679616,2,0
32,120,2,0.0030679616,2,0
32,121,12,0.0015339808,2,0
32,122,12,-0.0015339808,2,0
32,123,2,0.0015339808,2,0
32,124,13,0.0007669904,2,0
32,125,13,-0.0007669904,2,0
32,126,2,0.0007669904,2,0
32,127,14,0.0003834952,2,0
32,128,14,-0.0003834952,2,0
32,129,2,0.0003834952,2,0
32,130,15,0.0001917476,2,0
32,131,15,-0.0001917476,2,0
32,132,2,0.0001917476,2,0
32,133,16,0.0000958738,2,0
32,134,16,-0.0000958738,2,0
32,135,2,0.0000958738,2,0
32,136,17,0.0000479369,2,0
32,137,17,-0.0000479369,2,0
32,138,2,0.0000479369,2,0
32,139,18,0.0000239684,2,0
32,140,18,-0.0000239684,2,0
32,141,2,0.0000239684,2,0
32,142,19,0.0000119842,2,0
32,143,19,-0.0000119842,2,0
32,144,2,0.0000119842,2,0
32,145,20,0.0000059921,2,0
32,146,20,-0.0000059921,2,0
32,147,2,0.0000059921,2,0
32,148,21,0.0000029961,2,0
32,149,21,-0.0000029961,2,0
32,150,2,0.0000029961,2,0
32,151,22,0.0000014980,2,0
32,152,22,-0.0000014980,2,0
32,153,2,0.0000014980,2,0
32,154,23,0.0000007490,2,0
32,155,23,-0.0000007490,2,0
32,156,2,0.0000007490,2,0
32,157,24,0.0000003745,2,0
32,158,24,-0.0000003745,2,0
32,159,2,0.0000003745,2,0
32,160,25,0.0000001873,2,0
32,161,25,-0.0000001873,2,0
32,162,2,0.0000001873,2,0
32,163,26,0.0000000936,2,0
32,164,26,-0.0000000936,2,0
32,165,2,0.0000000936,2,0
32,166,27,0.0000000468,2,0
32,167,27,-0.0000000468,2,0
32,168,2,0.0000000468,2,0
32,169,28,0.0000000234,2,0
32,170,28,-0.0000000234,2,0
32,171,2,0.0000000234,2,0
32,172,29,0.0000000117,2,0
32,173,29,-0.0000000117,2,0
32,174,2,0.0000000117,2,0
32,175,30,0.0000000059,2,0
32,176,30,-0.0000000059,2,0
32,177,2,0.0000000059,2,0
32,178,31,0.0000000029,2,0
32,179,31,-0.0000000029,2,0
32,180,2,0.0000000029,2,0
32,181,32,0.0000000015,2,0
32,182,32,-0.0000000015,2,0
32,183,2,0.0000000015,2,0
32,184,4,0.7853981634,2,0
32,185,4,-0.7853981634,3,1
32,186,3,0.7853981634,3,0
32,187,5,0.3926990817,3,0
32,188,5,-0.3926990817,3,0
32,189,3,0.3926990817,3,0
32,190,6,0.1963495408,3,0
32,191,6,-0.1963495408,3,0
32,192,3,0.1963495408,3,0
32,193,7,0.0981747704,3,0
32,194,7,-0.0981747704,3,0
32,195,3,0.0981747704,3,0
32,196,8,0.0490873852,3,0
32,197,8,-0.0490873852,3,0
32,198,3,0.0490873852,3,0
32,199,9,0.0245436926,3,0
32,200,9,-0.0245436926,3,0
32,201,3,0.0245436926,3,0
32,202,10,0.0122718463,3,0
32,203,10,-0.0122718463,3,0
32,204,3,0.0122718463,3,0
32,205,11,0.0061359232,3,0
32,206,11,-0.0061359232,3,0
32,207,3,0.0061359232,3,0
32,208,12,0.0030679616,3,0
32,209,12,-0.0030679616,3,0
32,210,3,0.0030679616,3,0
32,211,13,0.0015339808,3,0
32,212,13,-0.0015339808,3,0
32,213,3,0.0015339808,3,0
32,214,14,0.0007669904,3,0
32,215,14,-0.0007669904,3,0
32,216,3,0.0007669904,3,0
32,217,15,0.0003834952,3,0
32,218,15,-0.0003834952,3,0
32,219,3,0.0003834952,3,0
32,220,16,0.0001917476,3,0
32,221,16,-0.0001917476,3,0
32,222,3,0.0001917476,3,0
32,223,17,0.0000958738,3,0
32,224,17,-0.0000958738,3,0
32,225,3,0.0000958738,3,0
32,226,18,0.0000479369,3,0
32,227,18,-0.0000479369,3,0
32,228,3,0.0000479369,3,0
32,229,19,0.0000239684,3,0
32,230,19,-0.0000239684,3,0
32,231,3,0.0000239684,3,0
32,232,20,0.0000119842,3,0
32,233,20,-0.0000119842,3,0
32,234,3,0.0000119842,3,0
32,235,21,0.0000059921,3,0
32,236,21,-0.0000059921,3,0
32,237,3,0.0000059921,3,0
32,238,22,0.0000029961,3,0
32,239,22,-0.0000029961,3,0
32,240,3,0.0000029961,3,0
32,241,23,0.0000014980,3,0
32,242,23,-0.0000014980,3,0
32,243,3,0.0000014980,3,0
32,244,24,0.0000007490,3,0
32,245,24,-0.0000007490,3,0
32,246,3,0.0000007490,3,0
32,247,25,0.0000003745,3,0
32,248,25,-0.0000003745,3,0
32,249,3,0.0000003745,3,0
32,250,26,0.0000001873,3,0
32,251,26,-0.0000001873,3,0
32,252,3,0.0000001873,3,0
32,253,27,0.0000000936,3,0
32,254,27,-0.0000000936,3,0
32,255,3,0.0000000936,3,0
32,256,28,0.0000000468,3,0
32,257,28,-0.0000000468,3,0
32,258,3,0.0000000468,3,0
32,259,29,0.0000000234,3,0
32,260,29,-0.0000000234,3,0
32,261,3,0.0000000234,3,0
32,262,30,0.0000000117,3,0
32,263,30,-0.0000000117,3,0
32,264,3,0.0000000117,3,0
32,265,31,0.0000000059,3,0
32,266,31,-0.0000000059,3,0
32,267,3,0.0000000059,3,0
32,268,32,0.0000000029,3,0
32,269,32,-0.0000000029,3,0
32,270,3,0.0000000029,3,0
32,271,5,0.7853981634,3,0
32,272,5,-0.7853981634,4,1
32,273,4,0.7853981634,4,0
32,274,6,0.3926990817,4,0
32,275,6,-0.3926990817,4,0
32,276,4,0.3926990817,4,0
32,277,7,0.1963495408,4,0
32,278,7,-0.1963495408,4,0
32,279,4,0.1963495408,4,0
32,280,8,0.0981747704,4,0
32,281,8,-0.0981747704,4,0
32,282,4,0.0981747704,4,0
32,283,9,0.0490873852,4,0
32,284,9,-0.0490873852,4,0
32,285,4,0.0490873852,4,0
32,286,10,0.0245436926,4,0
32,287,10,-0.0245436926,4,0
32,288,4,0.0245436926,4,0
32,289,11,0.0122718463,4,0
32,290,11,-0.0122718463,4,0
32,291,4,0.0122718463,4,0
32,292,12,0.0061359232,4,0
32,293,12,-0.0061359232,4,0
32,294,4,0.0061359232,4,0
32,295,13,0.0030679616,4,0
32,296,13,-0.0030679616,4,0
32,297,4,0.0030679616,4,0
32,298,14,0.0015339808,4,0
32,299,14,-0.0015339808,4,0
32,300,4,0.0015339808,4,0
32,301,15,0.0007669904,4,0
32,302,15,-0.0007669904,4,0
32,303,4,0.0007669904,4,0
32,304,16,0.0003834952,4,0
32,305,16,-0.0003834952,4,0
32,306,4,0.0003834952,4,0
32,307,17,0.0001917476,4,0
32,308,17,-0.0001917476,4,0
32,309,4,0.0001917476,4,0
32,310,18,0.0000958738,4,0
32,311,18,-0.0000958738,4,0
32,312,4,0.0000958738,4,0
32,313,19,0.0000479369,4,0
32,314,19,-0.0000479369,4,0
32,315,4,0.0000479369,4,0
32,316,20,0.0000239684,4,0
32,317,20,-0.0000239684,4,0
32,318,4,0.0000239684,4,0
32,319,21,0.0000119842,4,0
32,320,21,-0.0000119842,4,0
32,321,4,0.0000119842,4,0
32,322,22,0.0000059921,4,0
32,323,22,-0.0000059921,4,0
32,324,4,0.0000059921,4,0
32,325,23,0.0000029961,4,0
32,326,23,-0.0000029961,4,0
32,327,4,0.0000029961,4,0
32,328,24,0.0000014980,4,0
32,329,24,-0.0000014980,4,0
32,330,4,0.0000014980,4,0
32,331,25,0.0000007490,4,0
32,332,25,-0.0000007490,4,0
32,333,4,0.0000007490,4,0
32,334,26,0.0000003745,4,0
32,335,26,-0.0000003745,4,0
32,336,4,0.0000003745,4,0
32,337,27,0.0000001873,4,0
32,338,27,-0.0000001873,4,0
32,339,4,0.0000001873,4,0
32,340,28,0.0000000936,4,0
32,341,28,-0.0000000936,4,0
32,342,4,0.0000000936,4,0
32,343,29,0.0000000468,4,0
32,344,29,-0.0000000468,4,0
32,345,4,0.0000000468,4,0
32,346,30,0.0000000234,4,0
32,347,30,-0.0000000234,4,0
32,348,4,0.0000000234,4,0
32,349,31,0.0000000117,4,0
32,350,31,-0.0000000117,4,0
32,351,4,0.0000000117,4,0
32,352,32,0.0000000059,4,0
32,353,32,-0.0000000059,4,0
32,354,4,0.0000000059,4,0
32,355,6,0.7853981634,4,0
32,356,6,-0.7853981634,5,1
32,357,5,0.7853981634,5,0
32,358,7,0.3926990817,5,0
32,359,7,-0.3926990817,5,0
32,360,5,0.3926990817,5,0
32,361,8,0.1963495408,5,0
32,362,8,-0.1963495408,5,0
32,363,5,0.1963495408,5,0
32,364,9,0.0981747704,5,0
32,365,9,-0.0981747704,5,0
32,366,5,0.0981747704,5,0
32,367,10,0.0490873852,5,0
32,368,10,-0.0490873852,5,0
32,369,5,0.0490873852,5,0
32,370,11,0.0245436926,5,0
32,371,11,-0.0245436926,5,0
32,372,5,0.0245436926,5,0
32,373,12,0.0122718463,5,0
32,374,12,-0.0122718463,5,0
32,375,5,0.0122718463,5,0
32,376,13,0.0061359232,5,0
32,377,13,-0.0061359232,5,0
32,378,5,0.0061359232,5,0
32,379,14,0.0030679616,5,0
32,380,14,-0.0030679616,5,0
32,381,5,0.0030679616,5,0
32,382,15,0.0015339808,5,0
32,383,15,-0.0015339808,5,0
32,384,5,0.0015339808,5,0
32,385,16,0.0007669904,5,0
32,386,16,-0.0007669904,5,0
32,387,5,0.0007669904,5,0
32,388,17,0.0003834952,5,0
32,389,17,-0.0003834952,5,0
32,390,5,0.0003834952,5,0
32,391,18,0.0001917476,5,0
32,392,18,-0.0001917476,5,0
32,393,5,0.0001917476,5,0
32,394,19,0.0000958738,5,0
32,395,19,-0.0000958738,5,0
32,396,5,0.0000958738,5,0
32,397,20,0.0000479369,5,0
32,398,20,-0.0000479369,5,0
32,399,5,0.0000479369,5,0
32,400,21,0.0000239684,5,0
32,401,21,-0.0000239684,5,0
32,402,5,0.0000239684,5,0
32,403,22,0.0000119842,5,0
32,404,22,-0.0000119842,5,0
32,405,5,0.0000119842,5,0
32,406,23,0.0000059921,5,0
32,407,23,-0.0000059921,5,0
32,408,5,0.0000059921,5,0
32,409,24,0.0000029961,5,0
32,410,24,-0.0000029961,5,0
32,411,5,0.0000029961,5,0
32,412,25,0.0000014980,5,0
32,413,25,-0.0000014980,5,0
32,414,5,0.0000014980,5,0
32,415,26,0.0000007490,5,0
32,416,26,-0.0000007490,5,0
32,417,5,0.0000007490,5,0
32,418,27,0.0000003745,5,0
32,419,27,-0.0000003745,5,0
32,420,5,0.0000003745,5,0
32,421,28,0.0000001873,5,0
32,422,28,-0.0000001873,5,0
32,423,5,0.0000001873,5,0
32,424,29,0.0000000936,5,0
32,425,29,-0.0000000936,5,0
32,426,5,0.0000000936,5,0
32,427,30,0.0000000468,5,0
32,428,30,-0.0000000468,5,0
32,429,5,0.0000000468,5,0
32,430,31,0.0000000234,5,0
32,431,31,-0.0000000234,5,0
32,432,5,0.0000000234,5,0
32,433,32,0.0000000117,5,0
32,434,32,-0.0000000117,5,0
32,435,5,0.0000000117,5,0
32,436,7,0.7853981634,5,0
32,437,7,-0.7853981634,6,1
32,438,6,0.7853981634,6,0
32,439,8,0.3926990817,6,0
32,440,8,-0.3926990817,6,0
32,441,6,0.3926990817,6,0
32,442,9,0.1963495408,6,0
32,443,9,-0.1963495408,6,0
32,444,6,0.1963495408,6,0
32,445,10,0.0981747704,6,0
32,446,10,-0.0981747704,6,0
32,447,6,0.0981747704,6,0
32,448,11,0.0490873852,6,0
32,449,11,-0.0490873852,6,0
32,450,6,0.0490873852,6,0
32,451,12,0.0245436926,6,0
32,452,12,-0.0245436926,6,0
32,453,6,0.0245436926,6,0
32,454,13,0.0122718463,6,0
32,455,13,-0.0122718463,6,0
32,456,6,0.0122718463,6,0
32,457,14,0.0061359232,6,0
32,458,14,-0.0061359232,6,0
32,459,6,0.0061359232,6,0
32,460,15,0.0030679616,6,0
32,461,15,-0.0030679616,6,0
32,462,6,0.0030679616,6,0
32,463,16,0.0015339808,6,0
32,464,16,-0.0015339808,6,0
32,465,6,0.0015339808,6,0
32,466,17,0.0007669904,6,0
32,467,17,-0.0007669904,6,0
32,468,6,0.0007669904,6,0
32,469,18,0.0003834952,6,0
32,470,18,-0.0003834952,6,0
32,471,6,0.0003834952,6,0
32,472,19,0.0001917476,6,0
32,473,19,-0.0001917476,6,0
32,474,6,0.0001917476,6,0
32,475,20,0.0000958738,6,0
32,476,20,-0.0000958738,6,0
32,477,6,0.0000958738,6,0
32,478,21,0.0000479369,6,0
32,479,21,-0.0000479369,6,0
32,480,6,0.0000479369,6,0
32,481,22,0.0000239684,6,0
32,482,22,-0.0000239684,6,0
32,483,6,0.0000239684,6,0
32,484,23,0.0000119842,6,0
32,485,23,-0.0000119842,6,0
32,486,6,0.0000119842,6,0
32,487,24,0.0000059921,6,0
32,488,24,-0.0000059921,6,0
32,489,6,0.0000059921,6,0
32,490,25,0.0000029961,6,0
32,491,25,-0.0000029961,6,0
32,492,6,0.0000029961,6,0
32,493,26,0.0000014980,6,0
32,494,26,-0.0000014980,6,0
32,495,6,0.0000014980,6,0
32,496,27,0.0000007490,6,0
32,497,27,-0.0000007490,6,0
32,498,6,0.0000007490,6,0
32,499,28,0.0000003745,6,0
32,500,28,-0.0000003745,6,0
32,501,6,0.0000003745,6,0
32,502,29,0.0000001873,6,0
32,503,29,-0.0000001873,6,0
32,504,6,0.0000001873,6,0
32,505,30,0.0000000936,6,0
32,506,30,-0.0000000936,6,0
32,507,6,0.0000000936,6,0
32,508,31,0.0000000468,6,0
32,509,31,-0.0000000468,6,0
32,510,6,0.0000000468,6,0
32,511,32,0.0000000234,6,0
32,512,32,-0.0000000234,6,0
32,513,6,0.0000000234,6,0
32,514,8,0.7853981634,6,0
32,515,8,-0.7853981634,7,1
32,516,7,0.7853981634,7,0
32,517,9,0.3926990817,7,0
32,518,9,-0.3926990817,7,0
32,519,7,0.3926990817,7,0
32,520,10,0.1963495408,7,0
32,521,10,-0.1963495408,7,0
32,522,7,0.1963495408,7,0
32,523,11,0.0981747704,7,0
32,524,11,-0.0981747704,7,0
32,525,7,0.0981747704,7,0
32,526,12,0.0490873852,7,0
32,527,12,-0.0490873852,7,0
32,528,7,0.0490873852,7,0
32,529,13,0.0245436926,7,0
32,530,13,-0.0245436926,7,0
32,531,7,0.0245436926,7,0
32,532,14,0.0122718463,7,0
32,533,14,-0.0122718463,7,0
32,534,7,0.0122718463,7,0
32,535,15,0.0061359232,7,0
32,536,15,-0.0061359232,7,0
32,537,7,0.0061359232,7,0
32,538,16,0.0030679616,7,0
32,539,16,-0.0030679616,7,0
32,540,7,0.0030679616,7,0
32,541,17,0.0015339808,7,0
32,542,17,-0.0015339808,7,0
32,543,7,0.0015339808,7,0
32,544,18,0.0007669904,7,0
32,545,18,-0.0007669904,7,0
32,546,7,0.0007669904,7,0
32,547,19,0.0003834952,7,0
32,548,19,-0.0003834952,7,0
32,549,7,0.0003834952,7,0
32,550,20,0.0001917476,7,0
32,551,20,-0.0001917476,7,0
32,552,7,0.0001917476,7,0
32,553,21,0.0000958738,7,0
32,554,21,-0.0000958738,7,0
32,555,7,0.0000958738,7,0
32,556,22,0.0000479369,7,0
32,557,22,-0.0000479369,7,0
32,558,7,0.0000479369,7,0
32,559,23,0.0000239684,7,0
32,560,23,-0.0000239684,7,0
32,561,7,0.0000239684,7,0
32,562,24,0.0000119842,7,0
32,563,24,-0.0000119842,7,0
32,564,7,0.0000119842,7,0
32,565,25,0.0000059921,7,0
32,566,25,-0.0000059921,7,0
32,567,7,0.0000059921,7,0
32,568,26,0.0000029961,7,0
32,569,26,-0.0000029961,7,0
32,570,7,0.0000029961,7,0
32,571,27,0.0000014980,7,0
32,572,27,-0.0000014980,7,0
32,573,7,0.0000014980,7,0
32,574,28,0.0000007490,7,0
32,575,28,-0.0000007490,7,0
32,576,7,0.0000007490,7,0
32,577,29,0.0000003745,7,0
32,578,29,-0.0000003745,7,0
32,579,7,0.0000003745,7,0
32,580,30,0.0000001873,7,0
32,581,30,-0.0000001873,7,0
32,582,7,0.0000001873,7,0
32,583,31,0.0000000936,7,0
32,584,31,-0.0000000936,7,0
32,585,7,0.0000000936,7,0
32,586,32,0.0000000468,7,0
32,587,32,-0.0000000468,7,0
32,588,7,0.0000000468,7,0
32,589,9,0.7853981634,7,0
32,590,9,-0.7853981634,8,1
32,591,8,0.7853981634,8,0
32,592,10,0.3926990817,8,0
32,593,10,-0.3926990817,8,0
32,594,8,0.3926990817,8,0
32,595,11,0.1963495408,8,0
32,596,11,-0.1963495408,8,0
32,597,8,0.1963495408,8,0
32,598,12,0.0981747704,8,0
32,599,12,-0.0981747704,8,0
32,600,8,0.0981747704,8,0
32,601,13,0.0490873852,8,0
32,602,13,-0.0490873852,8,0
32,603,8,0.0490873852,8,0
32,604,14,0.0245436926,8,0
32,605,14,-0.0245436926,8,0
32,606,8,0.0245436926,8,0
32,607,15,0.0122718463,8,0
32,608,15,-0.0122718463,8,0
32,609,8,0.0122718463,8,0
32,610,16,0.0061359232,8,0
32,611,16,-0.0061359232,8,0
32,612,8,0.0061359232,8,0
32,613,17,0.0030679616,8,0
32,614,17,-0.0030679616,8,0
32,615,8,0.0030679616,8,0
32,616,18,0.0015339808,8,0
32,617,18,-0.0015339808,8,0
32,618,8,0.0015339808,8,0
32,619,19,0.0007669904,8,0
32,620,19,-0.0007669904,8,0
32,621,8,0.0007669904,8,0
32,622,20,0.0003834952,8,0
32,623,20,-0.0003834952,8,0
32,624,8,0.0003834952,8,0
32,625,21,0.0001917476,8,0
32,626,21,-0.0001917476,8,0
32,627,8,0.0001917476,8,0
32,628,22,0.0000958738,8,0
32,629,22,-0.0000958738,8,0
32,630,8,0.0000958738,8,0
32,631,23,0.0000479369,8,0
32,632,23,-0.0000479369,8,0
32,633,8,0.0000479369,8,0
32,634,24,0.0000239684,8,0
32,635,24,-0.0000239684,8,0
32,636,8,0.0000239684,8,0
32,637,25,0.0000119842,8,0
32,638,25,-0.0000119842,8,0
32,639,8,0.0000119842,8,0
32,640,26,0.0000059921,8,0
32,641,26,-0.0000059921,8,0
32,642,8,0.0000059921,8,0
32,643,27,0.0000029961,8,0
32,644,27,-0.0000029961,8,0
32,645,8,0.0000029961,8,0
32,646,28,0.0000014980,8,0
32,647,28,-0.0000014980,8,0
32,648,8,0.0000014980,8,0
32,649,29,0.0000007490,8,0
32,650,29,-0.0000007490,8,0
32,651,8,0.0000007490,8,0
32,652,30,0.0000003745,8,0
32,653,30,-0.0000003745,8,0
32,654,8,0.0000003745,8,0
32,655,31,0.0000001873,8,0
32,656,31,-0.0000001873,8,0
32,657,8,0.0000001873,8,0
32,658,32,0.0000000936,8,0
32,659,32,-0.0000000936,8,0
32,660,8,0.0000000936,8,0
32,661,10,0.7853981634,8,0
32,662,10,-0.7853981634,9,1
32,663,9,0.7853981634,9,0
32,664,11,0.3926990817,9,0
32,665,11,-0.3926990817,9,0
32,666,9,0.3926990817,9,0
32,667,12,0.1963495408,9,0
32,668,12,-0.1963495408,9,0
32,669,9,0.1963495408,9,0
32,670,13,0.0981747704,9,0
32,671,13,-0.0981747704,9,0
32,672,9,0.0981747704,9,0
32,673,14,0.0490873852,9,0
32,674,14,-0.0490873852,9,0
32,675,9,0.0490873852,9,0
32,676,15,0.0245436926,9,0
32,677,15,-0.0245436926,9,0
32,678,9,0.0245436926,9,0
32,679,16,0.0122718463,9,0
32,680,16,-0.0122718463,9,0
32,681,9,0.0122718463,9,0
32,682,17,0.0061359232,9,0
32,683,17,-0.0061359232,9,0
32,684,9,0.0061359232,9,0
32,685,18,0.0030679616,9,0
32,686,18,-0.0030679616,9,0
32,687,9,0.0030679616,9,0
32,688,19,0.0015339808,9,0
32,689,19,-0.0015339808,9,0
32,690,9,0.0015339808,9,0
32,691,20,0.0007669904,9,0
32,692,20,-0.0007669904,9,0
32,693,9,0.0007669904,9,0
32,694,21,0.0003834952,9,0
32,695,21,-0.0003834952,9,0
32,696,9,0.0003834952,9,0
32,697,22,0.0001917476,9,0
32,698,22,-0.0001917476,9,0
32,699,9,0.0001917476,9,0
32,700,23,0.0000958738,9,0
32,701,23,-0.0000958738,9,0
32,702,9,0.0000958738,9,0
32,703,24,0.0000479369,9,0
32,704,24,-0.0000479369,9,0
32,705,9,0.0000479369,9,0
32,706,25,0.0000239684,9,0
32,707,25,-0.0000239684,9,0
32,708,9,0.0000239684,9,0
32,709,26,0.0000119842,9,0
32,710,26,-0.0000119842,9,0
32,711,9,0.0000119842,9,0
32,712,27,0.0000059921,9,0
32,713,27,-0.0000059921,9,0
32,714,9,0.0000059921,9,0
32,715,28,0.0000029961,9,0
32,716,28,-0.0000029961,9,0
32,717,9,0.0000029961,9,0
32,718,29,0.0000014980,9,0
32,719,29,-0.0000014980,9,0
32,720,9,0.0000014980,9,0
32,721,30,0.0000007490,9,0
32,722,30,-0.0000007490,9,0
32,723,9,0.0000007490,9,0
32,724,31,0.0000003745,9,0
32,725,31,-0.0000003745,9,0
32,726,9,0.0000003745,9,0
32,727,32,0.0000001873,9,0
32,728,32,-0.0000001873,9,0
32,729,9,0.0000001873,9,0
32,730,11,0.7853981634,9,0
32,731,11,-0.7853981634,10,1
32,732,10,0.7853981634,10,0
32,733,12,0.3926990817,10,0
32,734,12,-0.3926990817,10,0
32,735,10,0.3926990817,10,0
32,736,13,0.1963495408,10,0
32,737,13,-0.1963495408,10,0
32,738,10,0.1963495408,10,0
32,739,14,0.0981747704,10,0
32,740,14,-0.0981747704,10,0
32,741,10,0.0981747704,10,0
32,742,15,0.0490873852,10,0
32,743,15,-0.0490873852,10,0
32,744,10,0.0490873852,10,0
32,745,16,0.0245436926,10,0
32,746,16,-0.0245436926,10,0
32,747,10,0.0245436926,10,0
32,748,17,0.0122718463,10,0
32,749,17,-0.0122718463,10,0
32,750,10,0.0122718463,10,0
32,751,18,0.0061359232,10,0
32,752,18,-0.0061359232,10,0
32,753,10,0.0061359232,10,0
32,754,19,0.0030679616,10,0
32,755,19,-0.0030679616,10,0
32,756,10,0.0030679616,10,0
32,757,20,0.0015339808,10,0
32,758,20,-0.0015339808,10,0
32,759,10,0.0015339808,10,0
32,760,21,0.0007669904,10,0
32,761,21,-0.0007669904,10,0
32,762,10,0.0007669904,10,0
32,763,22,0.0003834952,10,0
32,764,22,-0.0003834952,10,0
32,765,10,0.0003834952,10,0
32,766,23,0.0001917476,10,0
32,767,23,-0.0001917476,10,0
32,768,10,0.0001917476,10,0
32,769,24,0.0000958738,10,0
32,770,24,-0.0000958738,10,0
32,771,10,0.0000958738,10,0
32,772,25,0.0000479369,10,0
32,773,25,-0.0000479369,10,0
32,774,10,0.0000479369,10,0
32,775,26,0.0000239684,10,0
32,776,26,-0.0000239684,10,0
32,777,10,0.0000239684,10,0
32,778,27,0.0000119842,10,0
32,779,27,-0.0000119842,10,0
32,780,10,0.0000119842,10,0
32,781,28,0.0000059921,10,0
32,782,28,-0.0000059921,10,0
32,783,10,0.0000059921,10,0
32,784,29,0.0000029961,10,0
32,785,29,-0.0000029961,10,0
32,786,10,0.0000029961,10,0
32,787,30,0.0000014980,10,0
32,788,30,-0.0000014980,10,0
32,789,10,0.0000014980,10,0
32,790,31,0.0000007490,10,0
32,791,31,-0.0000007490,10,0
32,792,10,0.0000007490,10,0
32,793,32,0.0000003745,10,0
32,794,32,-0.0000003745,10,0
32,795,10,0.0000003745,10,0
32,796,12,0.7853981634,10,0
32,797,12,-0.7853981634,11,1
32,798,11,0.7853981634,11,0
32,799,13,0.3926990817,11,0
32,800,13,-0.3926990817,11,0
32,801,11,0.3926990817,11,0
32,802,14,0.1963495408,11,0
32,803,14,-0.1963495408,11,0
32,804,11,0.1963495408,11,0
32,805,15,0.0981747704,11,0
32,806,15,-0.0981747704,11,0
32,807,11,0.0981747704,11,0
32,808,16,0.0490873852,11,0
32,809,16,-0.0490873852,11,0
32,810,11,0.0490873852,11,0
32,811,17,0.0245436926,11,0
32,812,17,-0.0245436926,11,0
32,813,11,0.0245436926,11,0
32,814,18,0.0122718463,11,0
32,815,18,-0.0122718463,11,0
32,816,11,0.0122718463,11,0
32,817,19,0.0061359232,11,0
32,818,19,-0.0061359232,11,0
32,819,11,0.0061359232,11,0
32,820,20,0.0030679616,11,0
32,821,20,-0.0030679616,11,0
32,822,11,0.0030679616,11,0
32,823,21,0.0015339808,11,0
32,824,21,-0.0015339808,11,0
32,825,11,0.0015339808,11,0
32,826,22,0.0007669904,11,0
32,827,22,-0.0007669904,11,0
32,828,11,0.0007669904,11,0
32,829,23,0.0003834952,11,0
32,830,23,-0.0003834952,11,0
32,831,11,0.0003834952,11,0
32,832,24,0.0001917476,11,0
32,833,24,-0.0001917476,11,0
32,834,11,0.0001917476,11,0
32,835,25,0.0000958738,11,0
32,836,25,-0.0000958738,11,0
32,837,11,0.0000958738,11,0
32,838,26,0.0000479369,11,0
32,839,26,-0.0000479369,11,0
32,840,11,0.0000479369,11,0
32,841,27,0.0000239684,11,0
32,842,27,-0.0000239684,11,0
32,843,11,0.0000239684,11,0
32,844,28,0.0000119842,11,0
32,845,28,-0.0000119842,11,0
32,846,11,0.0000119842,11,0
32,847,29,0.0000059921,11,0
32,848,29,-0.0000059921,11,0
32,849,11,0.0000059921,11,0
32,850,30,0.0000029961,11,0
32,851,30,-0.0000029961,11,0
32,852,11,0.0000029961,11,0
32,853,31,0.0000014980,11,0
32,854,31,-0.0000014980,11,0
32,855,11,0.0000014980,11,0
32,856,32,0.0000007490,11,0
32,857,32,-0.0000007490,11,0
32,858,11,0.0000007490,11,0
32,859,13,0.7853981634,11,0
32,860,13,-0.7853981634,12,1
32,861,12,0.7853981634,12,0
32,862,14,0.3926990817,12,0
32,863,14,-0.3926990817,12,0
32,864,12,0.3926990817,12,0
32,865,15,0.1963495408,12,0
32,866,15,-0.1963495408,12,0
32,867,12,0.1963495408,12,0
32,868,16,0.0981747704,12,0
32,869,16,-0.0981747704,12,0
32,870,12,0.0981747704,12,0
32,871,17,0.0490873852,12,0
32,872,17,-0.0490873852,12,0
32,873,12,0.0490873852,12,0
32,874,18,0.0245436926,12,0
32,875,18,-0.0245436926,12,0
32,876,12,0.0245436926,12,0
32,877,19,0.0122718463,12,0
32,878,19,-0.0122718463,12,0
32,879,12,0.0122718463,12,0
32,880,20,0.0061359232,12,0
32,881,20,-0.0061359232,12,0
32,882,12,0.0061359232,12,0
32,883,21,0.0030679616,12,0
32,884,21,-0.0030679616,12,0
32,885,12,0.0030679616,12,0
32,886,22,0.0015339808,12,0
32,887,22,-0.0015339808,12,0
32,888,12,0.0015339808,12,0
32,889,23,0.0007669904,12,0
32,890,23,-0.0007669904,12,0
32,891,12,0.0007669904,12,0
32,892,24,0.0003834952,12,0
32,893,24,-0.0003834952,12,0
32,894,12,0.0003834952,12,0
32,895,25,0.0001917476,12,0
32,896,25,-0.0001917476,12,0
32,897,12,0.0001917476,12,0
32,898,26,0.0000958738,12,0
32,899,26,-0.0000958738,12,0
32,900,12,0.0000958738,12,0
32,901,27,0.0000479369,12,0
32,902,27,-0.0000479369,12,0
32,903,12,0.0000479369,12,0
32,904,28,0.0000239684,12,0
32,905,28,-0.0000239684,12,0
32,906,12,0.0000239684,12,0
32,907,29,0.0000119842,12,0
32,908,29,-0.0000119842,12,0
32,909,12,0.0000119842,12,0
32,910,30,0.0000059921,12,0
32,911,30,-0.0000059921,12,0
32,912,12,0.0000059921,12,0
32,913,31,0.0000029961,12,0
32,914,31,-0.0000029961,12,0
32,915,12,0.0000029961,12,0
32,916,32,0.0000014980,12,0
32,917,32,-0.0000014980,12,0
32,918,12,0.0000014980,12,0
32,919,14,0.7853981634,12,0
32,920,14,-0.7853981634,13,1
32,921,13,0.7853981634,13,0
32,922,15,0.3926990817,13,0
32,923,15,-0.3926990817,13,0
32,924,13,0.3926990817,13,0
32,925,16,0.1963495408,13,0
32,926,16,-0.1963495408,13,0
32,927,13,0.1963495408,13,0
32,928,17,0.0981747704,13,0
32,929,17,-0.0981747704,13,0
32,930,13,0.0981747704,13,0
32,931,18,0.0490873852,13,0
32,932,18,-0.0490873852,13,0
32,933,13,0.0490873852,13,0
32,934,19,0.0245436926,13,0
32,935,19,-0.0245436926,13,0
32,936,13,0.0245436926,13,0
32,937,20,0.0122718463,13,0
32,938,20,-0.0122718463,13,0
32,939,13,0.0122718463,13,0
32,940,21,0.0061359232,13,0
32,941,21,-0.0061359232,13,0
32,942,13,0.0061359232,13,0
32,943,22,0.0030679616,13,0
32,944,22,-0.0030679616,13,0
32,945,13,0.0030679616,13,0
32,946,23,0.0015339808,13,0
32,947,23,-0.0015339808,13,0
32,948,13,0.0015339808,13,0
32,949,24,0.0007669904,13,0
32,950,24,-0.0007669904,13,0
32,951,13,0.0007669904,13,0
32,952,25,0.0003834952,13,0
32,953,25,-0.0003834952,13,0
32,954,13,0.0003834952,13,0
32,955,26,0.0001917476,13,0
32,956,26,-0.0001917476,13,0
32,957,13,0.0001917476,13,0
32,958,27,0.0000958738,13,0
32,959,27,-0.0000958738,13,0
32,960,13,0.0000958738,13,0
32,961,28,0.0000479369,13,0
32,962,28,-0.0000479369,13,0
32,963,13,0.0000479369,13,0
32,964,29,0.0000239684,13,0
32,965,29,-0.0000239684,13,0
32,966,13,0.0000239684,13,0
32,967,30,0.0000119842,13,0
32,968,30,-0.0000119842,13,0
32,969,13,0.0000119842,13,0
32,970,31,0.0000059921,13,0
32,971,31,-0.0000059921,13,0
32,972,13,0.0000059921,13,0
32,973,32,0.0000029961,13,0
32,974,32,-0.0000029961,13,0
32,975,13,0.0000029961,13,0
32,976,15,0.7853981634,13,0
32,977,15,-0.7853981634,14,1
32,978,14,0.7853981634,14,0
32,979,16,0.3926990817,14,0
32,980,16,-0.3926990817,14,0
32,981,14,0.3926990817,14,0
32,982,17,0.1963495408,14,0
32,983,17,-0.1963495408,14,0
32,984,14,0.1963495408,14,0
32,985,18,0.0981747704,14,0
32,986,18,-0.0981747704,14,0
32,987,14,0.0981747704,14,0
32,988,19,0.0490873852,14,0
32,989,19,-0.0490873852,14,0
32,990,14,0.0490873852,14,0
32,991,20,0.0245436926,14,0
32,992,20,-0.0245436926,14,0
32,993,14,0.0245436926,14,0
32,994,21,0.0122718463,14,0
32,995,21,-0.0122718463,14,0
32,996,14,0.0122718463,14,0
32,997,22,0.0061359232,14,0
32,998,22,-0.0061359232,14,0
32,999,14,0.0061359232,14,0
32,1000,23,0.0030679616,14,0
32,1001,23,-0.0030679616,14,0
32,1002,14,0.0030679616,14,0
32,1003,24,0.0015339808,14,0
32,1004,24,-0.0015339808,14,0
32,1005,14,0.0015339808,14,0
32,1006,25,0.0007669904,14,0
32,1007,25,-0.0007669904,14,0
32,1008,14,0.0007669904,14,0
32,1009,26,0.0003834952,14,0
32,1010,26,-0.0003834952,14,0
32,1011,14,0.0003834952,14,0
32,1012,27,0.0001917476,14,0
32,1013,27,-0.0001917476,14,0
32,1014,14,0.0001917476,14,0
32,1015,28,0.0000958738,14,0
32,1016,28,-0.0000958738,14,0
32,1017,14,0.0000958738,14,0
32,1018,29,0.0000479369,14,0
32,1019,29,-0.0000479369,14,0
32,1020,14,0.0000479369,14,0
32,1021,30,0.0000239684,14,0
32,1022,30,-0.0000239684,14,0
32,1023,14,0.0000239684,14,0
32,1024,31,0.0000119842,14,0
32,1025,31,-0.0000119842,14,0
32,1026,14,0.0000119842,14,0
32,1027,32,0.0000059921,14,0
32,1028,32,-0.0000059921,14,0
32,1029,14,0.0000059921,14,0
32,1030,16,0.7853981634,14,0
32,1031,16,-0.7853981634,15,1
32,1032,15,0.7853981634,15,0
32,1033,17,0.3926990817,15,0
32,1034,17,-0.3926990817,15,0
32,1035,15,0.3926990817,15,0
32,1036,18,0.1963495408,15,0
32,1037,18,-0.1963495408,15,0
32,1038,15,0.1963495408,15,0
32,1039,19,0.0981747704,15,0
32,1040,19,-0.0981747704,15,0
32,1041,15,0.0981747704,15,0
32,1042,20,0.0490873852,15,0
32,1043,20,-0.0490873852,15,0
32,1044,15,0.0490873852,15,0
32,1045,21,0.0245436926,15,0
32,1046,21,-0.0245436926,15,0
32,1047,15,0.0245436926,15,0
32,1048,22,0.0122718463,15,0
32,1049,22,-0.0122718463,15,0
32,1050,15,0.0122718463,15,0
32,1051,23,0.0061359232,15,0
32,1052,23,-0.0061359232,15,0
32,1053,15,0.0061359232,15,0
32,1054,24,0.0030679616,15,0
32,1055,24,-0.0030679616,15,0
32,1056,15,0.0030679616,15,0
32,1057,25,0.0015339808,15,0
32,1058,25,-0.0015339808,15,0
32,1059,15,0.0015339808,15,0
32,1060,26,0.0007669904,15,0
32,1061,26,-0.0007669904,15,0
32,1062,15,0.0007669904,15,0
32,1063,27,0.0003834952,15,0
32,1064,27,-0.0003834952,15,0
32,1065,15,0.0003834952,15,0
32,1066,28,0.0001917476,15,0
32,1067,28,-0.0001917476,15,0
32,1068,15,0.0001917476,15,0
32,1069,29,0.0000958738,15,0
32,1070,29,-0.0000958738,15,0
32,1071,15,0.0000958738,15,0
32,1072,30,0.0000479369,15,0
32,1073,30,-0.0000479369,15,0
32,1074,15,0.0000479369,15,0
32,1075,31,0.0000239684,15,0
32,1076,31,-0.0000239684,15,0
32,1077,15,0.0000239684,15,0
32,1078,32,0.0000119842,15,0
32,1079,32,-0.0000119842,15,0
32,1080,15,0.0000119842,15,0
32,1081,17,0.7853981634,15,0
32,1082,17,-0.7853981634,16,1
32,1083,16,0.7853981634,16,0
32,1084,18,0.3926990817,16,0
32,1085,18,-0.3926990817,16,0
32,1086,16,0.3926990817,16,0
32,1087,19,0.1963495408,16,0
32,1088,19,-0.1963495408,16,0
32,1089,16,0.1963495408,16,0
32,1090,20,0.0981747704,16,0
32,1091,20,-0.0981747704,16,0
32,1092,16,0.0981747704,16,0
32,1093,21,0.0490873852,16,0
32,1094,21,-0.0490873852,16,0
32,1095,16,0.0490873852,16,0
32,1096,22,0.0245436926,16,0
32,1097,22,-0.0245436926,16,0
32,1098,16,0.0245436926,16,0
32,1099,23,0.0122718463,16,0
32,1100,23,-0.0122718463,16,0
32,1101,16,0.0122718463,16,0
32,1102,24,0.0061359232,16,0
32,1103,24,-0.0061359232,16,0
32,1104,16,0.0061359232,16,0
32,1105,25,0.0030679616,16,0
32,1106,25,-0.0030679616,16,0
32,1107,16,0.0030679616,16,0
32,1108,26,0.0015339808,16,0
32,1109,26,-0.0015339808,16,0
32,1110,16,0.0015339808,16,0
32,1111,27,0.0007669904,16,0
32,1112,27,-0.0007669904,16,0
32,1113,16,0.0007669904,16,0
32,1114,28,0.0003834952,16,0
32,1115,28,-0.0003834952,16,0
32,1116,16,0.0003834952,16,0
32,1117,29,0.0001917476,16,0
32,1118,29,-0.0001917476,16,0
32,1119,16,0.0001917476,16,0
32,1120,30,0.0000958738,16,0
32,1121,30,-0.0000958738,16,0
32,1122,16,0.0000958738,16,0
32,1123,31,0.0000479369,16,0
32,1124,31,-0.0000479369,16,0
32,1125,16,0.0000479369,16,0
32,1126,32,0.0000239684,16,0
32,1127,32,-0.0000239684,16,0
32,1128,16,0.0000239684,16,0
32,1129,18,0.7853981634,16,0
32,1130,18,-0.7853981634,17,1
32,1131,17,0.7853981634,17,0
32,1132,19,0.3926990817,17,0
32,1133,19,-0.3926990817,17,0
32,1134,17,0.3926990817,17,0
32,1135,20,0.1963495408,17,0
32,1136,20,-0.1963495408,17,0
32,1137,17,0.1963495408,17,0
32,1138,21,0.0981747704,17,0
32,1139,21,-0.0981747704,17,0
32,1140,17,0.0981747704,17,0
32,1141,22,0.0490873852,17,0
32,1142,22,-0.0490873852,17,0
32,1143,17,0.0490873852,17,0
32,1144,23,0.0245436926,17,0
32,1145,23,-0.0245436926,17,0
32,1146,17,0.0245436926,17,0
32,1147,24,0.0122718463,17,0
32,1148,24,-0.0122718463,17,0
32,1149,17,0.0122718463,17,0
32,1150,25,0.0061359232,17,0
32,1151,25,-0.0061359232,17,0
32,1152,17,0.0061359232,17,0
32,1153,26,0.0030679616,17,0
32,1154,26,-0.0030679616,17,0
32,1155,17,0.0030679616,17,0
32,1156,27,0.0015339808,17,0
32,1157,27,-0.0015339808,17,0
32,1158,17,0.0015339808,17,0
32,1159,28,0.0007669904,17,0
32,1160,28,-0.0007669904,17,0
32,1161,17,0.0007669904,17,0
32,1162,29,0.0003834952,17,0
32,1163,29,-0.0003834952,17,0
32,1164,17,0.0003834952,17,0
32,1165,30,0.0001917476,17,0
32,1166,30,-0.0001917476,17,0
32,1167,17,0.0001917476,17,0
32,1168,31,0.0000958738,17,0
32,1169,31,-0.0000958738,17,0
32,1170,17,0.0000958738,17,0
32,1171,32,0.0000479369,17,0
32,1172,32,-0.0000479369,17,0
32,1173,17,0.0000479369,17,0
32,1174,19,0.7853981634,17,0
32,1175,19,-0.7853981634,18,1
32,1176,18,0.7853981634,18,0
32,1177,20,0.3926990817,18,0
32,1178,20,-0.3926990817,18,0
32,1179,18,0.3926990817,18,0
32,1180,21,0.1963495408,18,0
32,1181,21,-0.1963495408,18,0
32,1182,18,0.1963495408,18,0
32,1183,22,0.0981747704,18,0
32,1184,22,-0.0981747704,18,0
32,1185,18,0.0981747704,18,0
32,1186,23,0.0490873852,18,0
32,1187,23,-0.0490873852,18,0
32,1188,18,0.0490873852,18,0
32,1189,24,0.0245436926,18,0
32,1190,24,-0.0245436926,18,0
32,1191,18,0.0245436926,18,0
32,1192,25,0.0122718463,18,0
32,1193,25,-0.0122718463,18,0
32,1194,18,0.0122718463,18,0
32,1195,26,0.0061359232,18,0
32,1196,26,-0.0061359232,18,0
32,1197,18,0.0061359232,18,0
32,1198,27,0.0030679616,18,0
32,1199,27,-0.0030679616,18,0
32,1200,18,0.0030679616,18,0
32,1201,28,0.0015339808,18,0
32,1202,28,-0.0015339808,18,0
32,1203,18,0.0015339808,18,0
32,1204,29,0.0007669904,18,0
32,1205,29,-0.0007669904,18,0
32,1206,18,0.0007669904,18,0
32,1207,30,0.0003834952,18,0
32,1208,30,-0.0003834952,18,0
32,1209,18,0.0003834952,18,0
32,1210,31,0.0001917476,18,0
32,1211,31,-0.0001917476,18,0
32,1212,18,0.0001917476,18,0
32,1213,32,0.0000958738,18,0
32,1214,32,-0.0000958738,18,0
32,1215,18,0.0000958738,18,0
32,1216,20,0.7853981634,18,0
32,1217,20,-0.7853981634,19,1
32,1218,19,0.7853981634,19,0
32,1219,21,0.3926990817,19,0
32,1220,21,-0.3926990817,19,0
32,1221,19,0.3926990817,19,0
32,1222,22,0.1963495408,19,0
32,1223,22,-0.1963495408,19,0
32,1224,19,0.1963495408,19,0
32,1225,23,0.0981747704,19,0
32,1226,23,-0.0981747704,19,0
32,1227,19,0.0981747704,19,0
32,1228,24,0.0490873852,19,0
32,1229,24,-0.0490873852,19,0
32,1230,19,0.0490873852,19,0
32,1231,25,0.0245436926,19,0
32,1232,25,-0.0245436926,19,0
32,1233,19,0.0245436926,19,0
32,1234,26,0.0122718463,19,0
32,1235,26,-0.0122718463,19,0
32,1236,19,0.0122718463,19,0
32,1237,27,0.0061359232,19,0
32,1238,27,-0.0061359232,19,0
32,1239,19,0.0061359232,19,0
32,1240,28,0.0030679616,19,0
32,1241,28,-0.0030679616,19,0
32,1242,19,0.0030679616,19,0
32,1243,29,0.0015339808,19,0
32,1244,29,-0.0015339808,19,0
32,1245,19,0.0015339808,19,0
32,1246,30,0.0007669904,19,0
32,1247,30,-0.0007669904,19,0
32,1248,19,0.0007669904,19,0
32,1249,31,0.0003834952,19,0
32,1250,31,-0.0003834952,19,0
32,1251,19,0.0003834952,19,0
32,1252,32,0.0001917476,19,0
32,1253,32,-0.0001917476,19,0
32,1254,19,0.0001917476,19,0
32,1255,21,0.7853981634,19,0
32,1256,21,-0.7853981634,20,1
32,1257,20,0.7853981634,20,0
32,1258,22,0.3926990817,20,0
32,1259,22,-0.3926990817,20,0
32,1260,20,0.3926990817,20,0
32,1261,23,0.1963495408,20,0
32,1262,23,-0.1963495408,20,0
32,1263,20,0.1963495408,20,0
32,1264,24,0.0981747704,20,0
32,1265,24,-0.0981747704,20,0
32,1266,20,0.0981747704,20,0
32,1267,25,0.0490873852,20,0
32,1268,25,-0.0490873852,20,0
32,1269,20,0.0490873852,20,0
32,1270,26,0.0245436926,20,0
32,1271,26,-0.0245436926,20,0
32,1272,20,0.0245436926,20,0
32,1273,27,0.0122718463,20,0
32,1274,27,-0.0122718463,20,0
32,1275,20,0.0122718463,20,0
32,1276,28,0.0061359232,20,0
32,1277,28,-0.0061359232,20,0
32,1278,20,0.0061359232,20,0
32,1279,29,0.0030679616,20,0
32,1280,29,-0.0030679616,20,0
32,1281,20,0.0030679616,20,0
32,1282,30,0.0015339808,20,0
32,1283,30,-0.0015339808,20,0
32,1284,20,0.0015339808,20,0
32,1285,31,0.0007669904,20,0
32,1286,31,-0.0007669904,20,0
32,1287,20,0.0007669904,20,0
32,1288,32,0.0003834952,20,0
32,1289,32,-0.0003834952,20,0
32,1290,20,0.0003834952,20,0
32,1291,22,0.7853981634,20,0
32,1292,22,-0.7853981634,21,1
32,1293,21,0.7853981634,21,0
32,1294,23,0.3926990817,21,0
32,1295,23,-0.3926990817,21,0
32,1296,21,0.3926990817,21,0
32,1297,24,0.1963495408,21,0
32,1298,24,-0.1963495408,21,0
32,1299,21,0.1963495408,21,0
32,1300,25,0.0981747704,21,0
32,1301,25,-0.0981747704,21,0
32,1302,21,0.0981747704,21,0
32,1303,26,0.0490873852,21,0
32,1304,26,-0.0490873852,21,0
32,1305,21,0.0490873852,21,0
32,1306,27,0.0245436926,21,0
32,1307,27,-0.0245436926,21,0
32,1308,21,0.0245436926,21,0
32,1309,28,0.0122718463,21,0
32,1310,28,-0.0122718463,21,0
32,1311,21,0.0122718463,21,0
32,1312,29,0.0061359232,21,0
32,1313,29,-0.0061359232,21,0
32,1314,21,0.0061359232,21,0
32,1315,30,0.0030679616,21,0
32,1316,30,-0.0030679616,21,0
32,1317,21,0.0030679616,21,0
32,1318,31,0.0015339808,21,0
32,1319,31,-0.0015339808,21,0
32,1320,21,0.0015339808,21,0
32,1321,32,0.0007669904,21,0
32,1322,32,-0.0007669904,21,0
32,1323,21,0.0007669904,21,0
32,1324,23,0.7853981634,21,0
32,1325,23,-0.7853981634,22,1
32,1326,22,0.7853981634,22,0
32,1327,24,0.3926990817,22,0
32,1328,24,-0.3926990817,22,0
32,1329,22,0.3926990817,22,0
32,1330,25,0.1963495408,22,0
32,1331,25,-0.1963495408,22,0
32,1332,22,0.1963495408,22,0
32,1333,26,0.0981747704,22,0
32,1334,26,-0.0981747704,22,0
32,1335,22,0.0981747704,22,0
32,1336,27,0.0490873852,22,0
32,1337,27,-0.0490873852,22,0
32,1338,22,0.0490873852,22,0
32,1339,28,0.0245436926,22,0
32,1340,28,-0.0245436926,22,0
32,1341,22,0.0245436926,22,0
32,1342,29,0.0122718463,22,0
32,1343,29,-0.0122718463,22,0
32,1344,22,0.0122718463,22,0
32,1345,30,0.0061359232,22,0
32,1346,30,-0.0061359232,22,0
32,1347,22,0.0061359232,22,0
32,1348,31,0.0030679616,22,0
32,1349,31,-0.0030679616,22,0
32,1350,22,0.0030679616,22,0
32,1351,32,0.0015339808,22,0
32,1352,32,-0.0015339808,22,0
32,1353,22,0.0015339808,22,0
32,1354,24,0.7853981634,22,0
32,1355,24,-0.7853981634,23,1
32,1356,23,0.7853981634,23,0
32,1357,25,0.3926990817,23,0
32,1358,25,-0.3926990817,23,0
32,1359,23,0.3926990817,23,0
32,1360,26,0.1963495408,23,0
32,1361,26,-0.1963495408,23,0
32,1362,23,0.1963495408,23,0
32,1363,27,0.0981747704,23,0
32,1364,27,-0.0981747704,23,0
32,1365,23,0.0981747704,23,0
32,1366,28,0.0490873852,23,0
32,1367,28,-0.0490873852,23,0
32,1368,23,0.0490873852,23,0
32,1369,29,0.0245436926,23,0
32,1370,29,-0.0245436926,23,0
32,1371,23,0.0245436926,23,0
32,1372,30,0.0122718463,23,0
32,1373,30,-0.0122718463,23,0
32,1374,23,0.0122718463,23,0
32,1375,31,0.0061359232,23,0
32,1376,31,-0.0061359232,23,0
32,1377,23,0.0061359232,23,0
32,1378,32,0.0030679616,23,0
32,1379,32,-0.0030679616,23,0
32,1380,23,0.0030679616,23,0
32,1381,25,0.7853981634,23,0
32,1382,25,-0.7853981634,24,1
32,1383,24,0.7853981634,24,0
32,1384,26,0.3926990817,24,0
32,1385,26,-0.3926990817,24,0
32,1386,24,0.3926990817,24,0
32,1387,27,0.1963495408,24,0
32,1388,27,-0.1963495408,24,0
32,1389,24,0.1963495408,24,0
32,1390,28,0.0981747704,24,0
32,1391,28,-0.0981747704,24,0
32,1392,24,0.0981747704,24,0
32,1393,29,0.0490873852,24,0
32,1394,29,-0.0490873852,24,0
32,1395,24,0.0490873852,24,0
32,1396,30,0.0245436926,24,0
32,1397,30,-0.0245436926,24,0
32,1398,24,0.0245436926,24,0
32,1399,31,0.0122718463,24,0
32,1400,31,-0.0122718463,24,0
32,1401,24,0.0122718463,24,0
32,1402,32,0.0061359232,24,0
32,1403,32,-0.0061359232,24,0
32,1404,24,0.0061359232,24,0
32,1405,26,0.7853981634,24,0
32,1406,26,-0.7853981634,25,1
32,1407,25,0.7853981634,25,0
32,1408,27,0.3926990817,25,0
32,1409,27,-0.3926990817,25,0
32,1410,25,0.3926990817,25,0
32,1411,28,0.1963495408,25,0
32,1412,28,-0.1963495408,25,0
32,1413,25,0.1963495408,25,0
32,1414,29,0.0981747704,25,0
32,1415,29,-0.0981747704,25,0
32,1416,25,0.0981747704,25,0
32,1417,30,0.0490873852,25,0
32,1418,30,-0.0490873852,25,0
32,1419,25,0.0490873852,25,0
32,1420,31,0.0245436926,25,0
32,1421,31,-0.0245436926,25,0
32,1422,25,0.0245436926,25,0
32,1423,32,0.0122718463,25,0
32,1424,32,-0.0122718463,25,0
32,1425,25,0.0122718463,25,0
32,1426,27,0.7853981634,25,0
32,1427,27,-0.7853981634,26,1
32,1428,26,0.7853981634,26,0
32,1429,28,0.3926990817,26,0
32,1430,28,-0.3926990817,26,0
32,1431,26,0.3926990817,26,0
32,1432,29,0.1963495408,26,0
32,1433,29,-0.1963495408,26,0
32,1434,26,0.1963495408,26,0
32,1435,30,0.0981747704,26,0
32,1436,30,-0.0981747704,26,0
32,1437,26,0.0981747704,26,0
32,1438,31,0.0490873852,26,0
32,1439,31,-0.0490873852,26,0
32,1440,26,0.0490873852,26,0
32,1441,32,0.0245436926,26,0
32,1442,32,-0.0245436926,26,0
32,1443,26,0.0245436926,26,0
32,1444,28,0.7853981634,26,0
32,1445,28,-0.7853981634,27,1
32,1446,27,0.7853981634,27,0
32,1447,29,0.3926990817,27,0
32,1448,29,-0.3926990817,27,0
32,1449,27,0.3926990817,27,0
32,1450,30,0.1963495408,27,0
32,1451,30,-0.1963495408,27,0
32,1452,27,0.1963495408,27,0
32,1453,31,0.0981747704,27,0
32,1454,31,-0.0981747704,27,0
32,1455,27,0.0981747704,27,0
32,1456,32,0.0490873852,27,0
32,1457,32,-0.0490873852,27,0
32,1458,27,0.0490873852,27,0
32,1459,29,0.7853981634,27,0
32,1460,29,-0.7853981634,28,1
32,1461,28,0.7853981634,28,0
32,1462,30,0.3926990817,28,0
32,1463,30,-0.3926990817,28,0
32,1464,28,0.3926990817,28,0
32,1465,31,0.1963495408,28,0
32,1466,31,-0.1963495408,28,0
32,1467,28,0.1963495408,28,0
32,1468,32,0.0981747704,28,0
32,1469,32,-0.0981747704,28,0
32,1470,28,0.0981747704,28,0
32,1471,30,0.7853981634,28,0
32,1472,30,-0.7853981634,29,1
32,1473,29,0.7853981634,29,0
32,1474,31,0.3926990817,29,0
32,1475,31,-0.3926990817,29,0
32,1476,29,0.3926990817,29,0
32,1477,32,0.1963495408,29,0
32,1478,32,-0.1963495408,29,0
32,1479,29,0.1963495408,29,0
32,1480,31,0.7853981634,29,0
32,1481,31,-0.7853981634,30,1
32,1482,30,0.7853981634,30,0
32,1483,32,0.3926990817,30,0
32,1484,32,-0.3926990817,30,0
32,1485,30,0.3926990817,30,0
32,1486,32,0.7853981634,30,0
32,1487,32,-0.7853981634,31,1
32,1488,31,0.7853981634,31,0
