success,family,n_qubits,seed,n_t_gates,n_total_gates,gf2_rank,nullity,nullity_ratio,rank_ratio,rank_to_t_ratio,t_density,xbit_density,n_disentanglable,n_not_disentanglable
True,Random Clifford+T (Brick-wall),4,1629422042,4,16,4,0,0.0,1.0,1.0,1.0,0.5,4,0
True,Random Clifford+T (Brick-wall),4,2688276589,4,16,4,0,0.0,1.0,1.0,1.0,0.375,3,1
True,Random Clifford+T (Brick-wall),4,3638259386,4,16,2,2,0.5,0.5,0.5,1.0,0.25,2,2
True,Random Clifford+T (Brick-wall),4,1835439707,4,16,3,1,0.25,0.75,0.75,1.0,0.375,3,1
True,Random Clifford+T (Brick-wall),6,2026010961,6,36,5,1,0.166667,0.833333,0.833333,1.0,0.416667,5,1
True,Random Clifford+T (Brick-wall),6,2000336686,6,36,5,1,0.166667,0.833333,0.833333,1.0,0.333333,4,2
True,Random Clifford+T (Brick-wall),6,793867767,6,36,5,1,0.166667,0.833333,0.833333,1.0,0.5,5,1
True,Random Clifford+T (Brick-wall),6,1888795809,6,36,6,0,0.0,1.0,1.0,1.0,0.5,6,0
True,Random Clifford+T (Brick-wall),8,2186986403,8,64,8,0,0.0,1.0,1.0,1.0,0.390625,8,0
True,Random Clifford+T (Brick-wall),8,1306103368,8,64,8,0,0.0,1.0,1.0,1.0,0.296875,7,1
True,Random Clifford+T (Brick-wall),8,3408470013,8,64,6,2,0.25,0.75,0.75,1.0,0.375,6,2
True,Random Clifford+T (Brick-wall),8,3145813567,8,64,7,1,0.125,0.875,0.875,1.0,0.375,8,0
True,Random Clifford+T (Brick-wall),10,3958899051,10,100,9,1,0.1,0.9,0.9,1.0,0.38,9,1
True,Random Clifford+T (Brick-wall),10,2702275812,10,100,9,1,0.1,0.9,0.9,1.0,0.43,9,1
True,Random Clifford+T (Brick-wall),10,2578631880,10,100,8,2,0.2,0.8,0.8,1.0,0.39,9,1
True,Random Clifford+T (Brick-wall),10,1438541476,10,100,8,2,0.2,0.8,0.8,1.0,0.45,8,2
True,Random Clifford+T (Brick-wall),12,563839114,12,144,11,1,0.083333,0.916667,0.916667,1.0,0.333333,10,2
True,Random Clifford+T (Brick-wall),12,396147841,12,144,11,1,0.083333,0.916667,0.916667,1.0,0.347222,11,1
True,Random Clifford+T (Brick-wall),12,1279496614,12,144,10,2,0.166667,0.833333,0.833333,1.0,0.3125,10,2
True,Random Clifford+T (Brick-wall),12,2347471213,12,144,12,0,0.0,1.0,1.0,1.0,0.388889,10,2
True,Random Clifford+T (Brick-wall),14,4045663978,14,196,13,1,0.071429,0.928571,0.928571,1.0,0.392857,13,1
True,Random Clifford+T (Brick-wall),14,612354814,14,196,13,1,0.071429,0.928571,0.928571,1.0,0.408163,13,1
True,Random Clifford+T (Brick-wall),14,3972145590,14,196,13,1,0.071429,0.928571,0.928571,1.0,0.382653,13,1
True,Random Clifford+T (Brick-wall),14,1609384363,14,196,14,0,0.0,1.0,1.0,1.0,0.387755,13,1
True,Random Clifford+T (Brick-wall),16,2491647278,16,256,15,1,0.0625,0.9375,0.9375,1.0,0.40625,15,1
True,Random Clifford+T (Brick-wall),16,624260714,16,256,15,1,0.0625,0.9375,0.9375,1.0,0.320312,14,2
True,Random Clifford+T (Brick-wall),16,3291807,16,256,16,0,0.0,1.0,1.0,1.0,0.375,15,1
True,Random Clifford+T (Brick-wall),16,3065863495,16,256,15,1,0.0625,0.9375,0.9375,1.0,0.378906,14,2
True,Random Clifford+T (Brick-wall),20,1298526639,20,400,19,1,0.05,0.95,0.95,1.0,0.35,18,2
True,Random Clifford+T (Brick-wall),20,263995044,20,400,19,1,0.05,0.95,0.95,1.0,0.3425,19,1
True,Random Clifford+T (Brick-wall),20,152930049,20,400,19,1,0.05,0.95,0.95,1.0,0.405,18,2
True,Random Clifford+T (Brick-wall),20,4054064086,20,400,20,0,0.0,1.0,1.0,1.0,0.4175,19,1
True,Random Clifford+T (Brick-wall),24,3414947777,24,576,22,2,0.083333,0.916667,0.916667,1.0,0.402778,23,1
True,Random Clifford+T (Brick-wall),24,324861961,24,576,22,2,0.083333,0.916667,0.916667,1.0,0.342014,22,2
True,Random Clifford+T (Brick-wall),24,308107970,24,576,22,2,0.083333,0.916667,0.916667,1.0,0.376736,23,1
True,Random Clifford+T (Brick-wall),24,1274788393,24,576,23,1,0.041667,0.958333,0.958333,1.0,0.347222,22,2
True,Random Clifford+T (Brick-wall),32,1927629004,32,1024,32,0,0.0,1.0,1.0,1.0,0.369141,31,1
True,Random Clifford+T (Brick-wall),32,3640603264,32,1024,31,1,0.03125,0.96875,0.96875,1.0,0.416016,31,1
True,Random Clifford+T (Brick-wall),32,823695490,32,1024,32,0,0.0,1.0,1.0,1.0,0.404297,32,0
True,Random Clifford+T (Brick-wall),32,2221177261,32,1024,32,0,0.0,1.0,1.0,1.0,0.387695,31,1
True,Random Clifford+T (Brick-wall),48,1798629417,48,2304,48,0,0.0,1.0,1.0,1.0,0.386719,47,1
True,Random Clifford+T (Brick-wall),48,379207613,48,2304,47,1,0.020833,0.979167,0.979167,1.0,0.378906,47,1
True,Random Clifford+T (Brick-wall),48,1155861161,48,2304,48,0,0.0,1.0,1.0,1.0,0.369358,48,0
True,Random Clifford+T (Brick-wall),48,4040100335,48,2304,47,1,0.020833,0.979167,0.979167,1.0,0.40408,48,0
True,Random Clifford+T (Brick-wall),64,3207137712,64,4096,62,2,0.03125,0.96875,0.96875,1.0,0.38501,62,2
True,Random Clifford+T (Brick-wall),64,2653222364,64,4096,63,1,0.015625,0.984375,0.984375,1.0,0.390381,63,1
True,Random Clifford+T (Brick-wall),64,851932162,64,4096,64,0,0.0,1.0,1.0,1.0,0.408936,63,1
True,Random Clifford+T (Brick-wall),64,1084135698,64,4096,63,1,0.015625,0.984375,0.984375,1.0,0.374268,62,2
True,Random Clifford+T (All-to-all),4,1247034368,4,36,3,1,0.25,0.75,0.75,1.0,0.625,4,0
True,Random Clifford+T (All-to-all),4,3403506605,4,36,2,2,0.5,0.5,0.5,1.0,0.3125,2,2
True,Random Clifford+T (All-to-all),4,3295562981,4,36,3,1,0.25,0.75,0.75,1.0,0.5,4,0
True,Random Clifford+T (All-to-all),4,2336845436,4,36,4,0,0.0,1.0,1.0,1.0,0.5625,3,1
True,Random Clifford+T (All-to-all),6,3513821669,6,78,5,1,0.166667,0.833333,0.833333,1.0,0.416667,6,0
True,Random Clifford+T (All-to-all),6,1343167405,6,78,6,0,0.0,1.0,1.0,1.0,0.5,5,1
True,Random Clifford+T (All-to-all),6,2280118150,6,78,5,1,0.166667,0.833333,0.833333,1.0,0.5,5,1
True,Random Clifford+T (All-to-all),6,93829107,6,78,6,0,0.0,1.0,1.0,1.0,0.527778,6,0
True,Random Clifford+T (All-to-all),8,358552329,8,136,8,0,0.0,1.0,1.0,1.0,0.546875,7,1
True,Random Clifford+T (All-to-all),8,4047756599,8,136,7,1,0.125,0.875,0.875,1.0,0.515625,7,1
True,Random Clifford+T (All-to-all),8,72481852,8,136,6,2,0.25,0.75,0.75,1.0,0.515625,6,2
True,Random Clifford+T (All-to-all),8,513075200,8,136,6,2,0.25,0.75,0.75,1.0,0.4375,7,1
True,Random Clifford+T (All-to-all),10,651064580,10,210,9,1,0.1,0.9,0.9,1.0,0.51,10,0
True,Random Clifford+T (All-to-all),10,1014617531,10,210,9,1,0.1,0.9,0.9,1.0,0.52,9,1
True,Random Clifford+T (All-to-all),10,108876719,10,210,9,1,0.1,0.9,0.9,1.0,0.55,9,1
True,Random Clifford+T (All-to-all),10,580002959,10,210,9,1,0.1,0.9,0.9,1.0,0.59,9,1
True,Random Clifford+T (All-to-all),12,3696663907,12,300,10,2,0.166667,0.833333,0.833333,1.0,0.430556,12,0
True,Random Clifford+T (All-to-all),12,1761662003,12,300,12,0,0.0,1.0,1.0,1.0,0.465278,11,1
True,Random Clifford+T (All-to-all),12,1160539729,12,300,11,1,0.083333,0.916667,0.916667,1.0,0.555556,11,1
True,Random Clifford+T (All-to-all),12,503300903,12,300,10,2,0.166667,0.833333,0.833333,1.0,0.541667,11,1
True,Random Clifford+T (All-to-all),14,96150449,14,406,13,1,0.071429,0.928571,0.928571,1.0,0.469388,13,1
True,Random Clifford+T (All-to-all),14,3078467001,14,406,13,1,0.071429,0.928571,0.928571,1.0,0.489796,12,2
True,Random Clifford+T (All-to-all),14,3641338319,14,406,13,1,0.071429,0.928571,0.928571,1.0,0.464286,13,1
True,Random Clifford+T (All-to-all),14,1042439578,14,406,14,0,0.0,1.0,1.0,1.0,0.454082,13,1
True,Random Clifford+T (All-to-all),16,3565075534,16,528,15,1,0.0625,0.9375,0.9375,1.0,0.492188,15,1
True,Random Clifford+T (All-to-all),16,657979984,16,528,16,0,0.0,1.0,1.0,1.0,0.46875,15,1
True,Random Clifford+T (All-to-all),16,1281120493,16,528,16,0,0.0,1.0,1.0,1.0,0.417969,14,2
True,Random Clifford+T (All-to-all),16,906228991,16,528,16,0,0.0,1.0,1.0,1.0,0.480469,14,2
True,Random Clifford+T (All-to-all),20,161180611,20,820,19,1,0.05,0.95,0.95,1.0,0.52,19,1
True,Random Clifford+T (All-to-all),20,3891871287,20,820,19,1,0.05,0.95,0.95,1.0,0.495,19,1
True,Random Clifford+T (All-to-all),20,3794914517,20,820,19,1,0.05,0.95,0.95,1.0,0.4425,19,1
True,Random Clifford+T (All-to-all),20,1150760544,20,820,20,0,0.0,1.0,1.0,1.0,0.445,19,1
True,Random Clifford+T (All-to-all),24,1765281363,24,1176,23,1,0.041667,0.958333,0.958333,1.0,0.491319,24,0
True,Random Clifford+T (All-to-all),24,3626387090,24,1176,22,2,0.083333,0.916667,0.916667,1.0,0.506944,23,1
True,Random Clifford+T (All-to-all),24,2072322645,24,1176,23,1,0.041667,0.958333,0.958333,1.0,0.458333,24,0
True,Random Clifford+T (All-to-all),24,2401022590,24,1176,23,1,0.041667,0.958333,0.958333,1.0,0.489583,23,1
True,Random Clifford+T (All-to-all),32,480030856,32,2080,31,1,0.03125,0.96875,0.96875,1.0,0.46875,31,1
True,Random Clifford+T (All-to-all),32,2784770934,32,2080,31,1,0.03125,0.96875,0.96875,1.0,0.511719,31,1
True,Random Clifford+T (All-to-all),32,3200164903,32,2080,32,0,0.0,1.0,1.0,1.0,0.486328,32,0
True,Random Clifford+T (All-to-all),32,3003776715,32,2080,31,1,0.03125,0.96875,0.96875,1.0,0.477539,32,0
True,Random Clifford+T (All-to-all),48,3418971397,48,4656,47,1,0.020833,0.979167,0.979167,1.0,0.485243,47,1
True,Random Clifford+T (All-to-all),48,2154652010,48,4656,48,0,0.0,1.0,1.0,1.0,0.487847,46,2
True,Random Clifford+T (All-to-all),48,1586946687,48,4656,48,0,0.0,1.0,1.0,1.0,0.486979,47,1
True,Random Clifford+T (All-to-all),48,4146122641,48,4656,48,0,0.0,1.0,1.0,1.0,0.492188,47,1
True,Random Clifford+T (All-to-all),64,2561304100,64,8256,64,0,0.0,1.0,1.0,1.0,0.48291,63,1
True,Random Clifford+T (All-to-all),64,2216549028,64,8256,63,1,0.015625,0.984375,0.984375,1.0,0.476318,63,1
True,Random Clifford+T (All-to-all),64,1898304095,64,8256,61,3,0.046875,0.953125,0.953125,1.0,0.479004,63,1
True,Random Clifford+T (All-to-all),64,2486628638,64,8256,63,1,0.015625,0.984375,0.984375,1.0,0.497803,63,1
True,Bernstein-Vazirani,4,3354841799,4,14,3,1,0.25,0.75,0.75,1.0,0.375,2,2
True,Bernstein-Vazirani,4,573643802,4,13,2,2,0.5,0.5,0.5,1.0,0.25,2,2
True,Bernstein-Vazirani,4,647228795,4,13,3,1,0.25,0.75,0.75,1.0,0.3125,3,1
True,Bernstein-Vazirani,4,1503680085,4,13,3,1,0.25,0.75,0.75,1.0,0.375,3,1
True,Bernstein-Vazirani,6,3150271030,6,21,4,2,0.333333,0.666667,0.666667,1.0,0.166667,4,2
True,Bernstein-Vazirani,6,1317045670,6,20,5,1,0.166667,0.833333,0.833333,1.0,0.166667,5,1
True,Bernstein-Vazirani,6,3357688907,6,21,4,2,0.333333,0.666667,0.666667,1.0,0.25,4,2
True,Bernstein-Vazirani,6,1399770534,6,21,5,1,0.166667,0.833333,0.833333,1.0,0.333333,5,1
True,Bernstein-Vazirani,8,1313113347,8,28,5,3,0.375,0.625,0.625,1.0,0.25,5,3
True,Bernstein-Vazirani,8,1076946478,8,29,4,4,0.5,0.5,0.5,1.0,0.203125,4,4
True,Bernstein-Vazirani,8,2684156893,8,28,6,2,0.25,0.75,0.75,1.0,0.25,6,2
True,Bernstein-Vazirani,8,930578159,8,27,7,1,0.125,0.875,0.875,1.0,0.125,7,1
True,Bernstein-Vazirani,10,305949496,10,34,6,4,0.4,0.6,0.6,1.0,0.22,7,3
True,Bernstein-Vazirani,10,4255013536,10,33,6,4,0.4,0.6,0.6,1.0,0.13,5,5
True,Bernstein-Vazirani,10,645353807,10,34,6,4,0.4,0.6,0.6,1.0,0.22,7,3
True,Bernstein-Vazirani,10,2010079422,10,32,5,5,0.5,0.5,0.5,1.0,0.12,5,5
True,Bernstein-Vazirani,12,2526849813,12,39,9,3,0.25,0.75,0.75,1.0,0.104167,9,3
True,Bernstein-Vazirani,12,3357213695,12,43,8,4,0.333333,0.666667,0.666667,1.0,0.180556,8,4
True,Bernstein-Vazirani,12,3011801097,12,46,9,3,0.25,0.75,0.75,1.0,0.083333,9,3
True,Bernstein-Vazirani,12,2025881584,12,43,9,3,0.25,0.75,0.75,1.0,0.131944,9,3
True,Bernstein-Vazirani,14,179661496,14,50,8,6,0.428571,0.571429,0.571429,1.0,0.153061,8,6
True,Bernstein-Vazirani,14,2279310646,14,47,9,5,0.357143,0.642857,0.642857,1.0,0.122449,10,4
True,Bernstein-Vazirani,14,443545786,14,47,7,7,0.5,0.5,0.5,1.0,0.071429,7,7
True,Bernstein-Vazirani,14,162173653,14,47,7,7,0.5,0.5,0.5,1.0,0.071429,7,7
True,Bernstein-Vazirani,16,2754726761,16,56,11,5,0.3125,0.6875,0.6875,1.0,0.125,11,5
True,Bernstein-Vazirani,16,1076961060,16,57,10,6,0.375,0.625,0.625,1.0,0.167969,11,5
True,Bernstein-Vazirani,16,1035859619,16,58,10,6,0.375,0.625,0.625,1.0,0.0625,10,6
True,Bernstein-Vazirani,16,1696263856,16,55,11,5,0.3125,0.6875,0.6875,1.0,0.089844,11,5
True,Bernstein-Vazirani,20,3163689501,20,70,12,8,0.4,0.6,0.6,1.0,0.05,12,8
True,Bernstein-Vazirani,20,80101892,20,69,14,6,0.3,0.7,0.7,1.0,0.05,14,6
True,Bernstein-Vazirani,20,1871239615,20,70,15,5,0.25,0.75,0.75,1.0,0.05,15,5
True,Bernstein-Vazirani,20,2469117505,20,71,11,9,0.45,0.55,0.55,1.0,0.05,11,9
True,Bernstein-Vazirani,24,2564951539,24,86,15,9,0.375,0.625,0.625,1.0,0.090278,15,9
True,Bernstein-Vazirani,24,635108618,24,84,15,9,0.375,0.625,0.625,1.0,0.104167,17,7
True,Bernstein-Vazirani,24,3915032019,24,87,16,8,0.333333,0.666667,0.666667,1.0,0.09375,16,8
True,Bernstein-Vazirani,24,2669191014,24,84,14,10,0.416667,0.583333,0.583333,1.0,0.0625,14,10
True,Bernstein-Vazirani,32,4126973288,32,110,19,13,0.40625,0.59375,0.59375,1.0,0.03125,19,13
True,Bernstein-Vazirani,32,1047758590,32,112,18,14,0.4375,0.5625,0.5625,1.0,0.046875,17,15
True,Bernstein-Vazirani,32,2019790902,32,113,22,10,0.3125,0.6875,0.6875,1.0,0.03125,22,10
True,Bernstein-Vazirani,32,3859789452,32,111,18,14,0.4375,0.5625,0.5625,1.0,0.075195,19,13
True,Bernstein-Vazirani,48,3814243157,48,167,31,17,0.354167,0.645833,0.645833,1.0,0.050781,32,16
True,Bernstein-Vazirani,48,2106324897,48,168,33,15,0.3125,0.6875,0.6875,1.0,0.020833,33,15
True,Bernstein-Vazirani,48,2453620871,48,170,30,18,0.375,0.625,0.625,1.0,0.032118,29,19
True,Bernstein-Vazirani,48,1519391588,48,166,29,19,0.395833,0.604167,0.604167,1.0,0.020833,29,19
True,Bernstein-Vazirani,64,879818775,64,225,37,27,0.421875,0.578125,0.578125,1.0,0.015625,37,27
True,Bernstein-Vazirani,64,1156905039,64,230,44,20,0.3125,0.6875,0.6875,1.0,0.024902,44,20
True,Bernstein-Vazirani,64,319659793,64,227,36,28,0.4375,0.5625,0.5625,1.0,0.015625,36,28
True,Bernstein-Vazirani,64,3911157764,64,219,37,27,0.421875,0.578125,0.578125,1.0,0.022217,37,27
True,Simon's Algorithm,4,1410698468,4,12,2,2,0.5,0.5,0.5,1.0,0.3125,2,2
True,Simon's Algorithm,4,4265287664,4,10,2,2,0.5,0.5,0.5,1.0,0.25,2,2
True,Simon's Algorithm,4,1159408798,4,11,2,2,0.5,0.5,0.5,1.0,0.3125,2,2
True,Simon's Algorithm,4,1614471508,4,11,2,2,0.5,0.5,0.5,1.0,0.375,2,2
True,Simon's Algorithm,6,132885906,6,17,3,3,0.5,0.5,0.5,1.0,0.25,3,3
True,Simon's Algorithm,6,34205525,6,19,3,3,0.5,0.5,0.5,1.0,0.194444,3,3
True,Simon's Algorithm,6,1980549682,6,21,3,3,0.5,0.5,0.5,1.0,0.222222,3,3
True,Simon's Algorithm,6,2386912684,6,17,3,3,0.5,0.5,0.5,1.0,0.305556,3,3
True,Simon's Algorithm,8,2892621201,8,32,4,4,0.5,0.5,0.5,1.0,0.171875,3,5
True,Simon's Algorithm,8,581320586,8,20,4,4,0.5,0.5,0.5,1.0,0.125,4,4
True,Simon's Algorithm,8,32090009,8,29,3,5,0.625,0.375,0.375,1.0,0.21875,3,5
True,Simon's Algorithm,8,787575626,8,26,4,4,0.5,0.5,0.5,1.0,0.203125,4,4
True,Simon's Algorithm,10,2088776936,10,29,4,6,0.6,0.4,0.4,1.0,0.19,4,6
True,Simon's Algorithm,10,3977258346,10,45,4,6,0.6,0.4,0.4,1.0,0.18,4,6
True,Simon's Algorithm,10,2267403285,10,33,5,5,0.5,0.5,0.5,1.0,0.19,5,5
True,Simon's Algorithm,10,3502702728,10,37,4,6,0.6,0.4,0.4,1.0,0.19,4,6
True,Simon's Algorithm,12,213408974,12,40,6,6,0.5,0.5,0.5,1.0,0.111111,5,7
True,Simon's Algorithm,12,2786235981,12,55,4,8,0.666667,0.333333,0.333333,1.0,0.222222,5,7
True,Simon's Algorithm,12,3082257207,12,45,6,6,0.5,0.5,0.5,1.0,0.159722,6,6
True,Simon's Algorithm,12,1688168850,12,50,6,6,0.5,0.5,0.5,1.0,0.111111,6,6
True,Simon's Algorithm,14,732201291,14,53,7,7,0.5,0.5,0.5,1.0,0.132653,7,7
True,Simon's Algorithm,14,1702150388,14,65,7,7,0.5,0.5,0.5,1.0,0.127551,6,8
True,Simon's Algorithm,14,4033304186,14,59,6,8,0.571429,0.428571,0.428571,1.0,0.132653,6,8
True,Simon's Algorithm,14,1453248980,14,71,7,7,0.5,0.5,0.5,1.0,0.096939,6,8
True,Simon's Algorithm,16,3970420167,16,68,6,10,0.625,0.375,0.375,1.0,0.09375,5,11
True,Simon's Algorithm,16,2685229671,16,68,7,9,0.5625,0.4375,0.4375,1.0,0.117188,7,9
True,Simon's Algorithm,16,629848679,16,68,7,9,0.5625,0.4375,0.4375,1.0,0.09375,7,9
True,Simon's Algorithm,16,1524470143,16,68,8,8,0.5,0.5,0.5,1.0,0.09375,7,9
True,Simon's Algorithm,20,76343641,20,104,9,11,0.55,0.45,0.45,1.0,0.0675,8,12
True,Simon's Algorithm,20,3294750889,20,95,9,11,0.55,0.45,0.45,1.0,0.095,9,11
True,Simon's Algorithm,20,224115763,20,68,9,11,0.55,0.45,0.45,1.0,0.1,9,11
True,Simon's Algorithm,20,3307967298,20,113,7,13,0.65,0.35,0.35,1.0,0.0875,7,13
True,Simon's Algorithm,24,2766851219,24,115,10,14,0.583333,0.416667,0.416667,1.0,0.078125,10,14
True,Simon's Algorithm,24,2948896290,24,126,10,14,0.583333,0.416667,0.416667,1.0,0.081597,11,13
True,Simon's Algorithm,24,1310220511,24,115,9,15,0.625,0.375,0.375,1.0,0.071181,9,15
True,Simon's Algorithm,24,790698885,24,104,11,13,0.541667,0.458333,0.458333,1.0,0.071181,11,13
True,Simon's Algorithm,32,1622601883,32,155,16,16,0.5,0.5,0.5,1.0,0.054688,15,17
True,Simon's Algorithm,32,3152970005,32,170,16,16,0.5,0.5,0.5,1.0,0.049805,16,16
True,Simon's Algorithm,32,1389483003,32,230,10,22,0.6875,0.3125,0.3125,1.0,0.053711,10,22
True,Simon's Algorithm,32,302211143,32,215,14,18,0.5625,0.4375,0.4375,1.0,0.054688,14,18
True,Simon's Algorithm,48,2272591537,48,465,19,29,0.604167,0.395833,0.395833,1.0,0.040799,18,30
True,Simon's Algorithm,48,1003973980,48,419,20,28,0.583333,0.416667,0.416667,1.0,0.042535,21,27
True,Simon's Algorithm,48,2727959902,48,419,20,28,0.583333,0.416667,0.416667,1.0,0.036892,20,28
True,Simon's Algorithm,48,3995569672,48,327,18,30,0.625,0.375,0.375,1.0,0.042535,19,29
True,Simon's Algorithm,64,1027634925,64,842,26,38,0.59375,0.40625,0.40625,1.0,0.032959,25,39
True,Simon's Algorithm,64,96215696,64,718,25,39,0.609375,0.390625,0.390625,1.0,0.022217,24,40
True,Simon's Algorithm,64,3569798596,64,594,26,38,0.59375,0.40625,0.40625,1.0,0.031494,27,37
True,Simon's Algorithm,64,4216419123,64,687,24,40,0.625,0.375,0.375,1.0,0.02417,23,41
True,Deutsch-Jozsa,4,1086136678,4,16,2,2,0.5,0.5,0.5,1.0,0.1875,2,2
True,Deutsch-Jozsa,4,2953771440,0,7,0,0,,0.0,,0.0,,0,0
True,Deutsch-Jozsa,4,2398741322,0,8,0,0,,0.0,,0.0,,0,0
True,Deutsch-Jozsa,4,2512578345,0,8,0,0,,0.0,,0.0,,0,0
True,Deutsch-Jozsa,6,632919594,0,12,0,0,,0.0,,0.0,,0,0
True,Deutsch-Jozsa,6,1407353797,6,25,3,3,0.5,0.5,0.5,1.0,0.111111,3,3
True,Deutsch-Jozsa,6,1996452483,0,11,0,0,,0.0,,0.0,,0,0
True,Deutsch-Jozsa,6,1399728296,6,25,4,2,0.333333,0.666667,0.666667,1.0,0.166667,4,2
True,Deutsch-Jozsa,8,2862562293,8,34,4,4,0.5,0.5,0.5,1.0,0.078125,4,4
True,Deutsch-Jozsa,8,2512188725,8,34,3,5,0.625,0.375,0.375,1.0,0.046875,3,5
True,Deutsch-Jozsa,8,713457032,0,16,0,0,,0.0,,0.0,,0,0
True,Deutsch-Jozsa,8,4002703664,0,15,0,0,,0.0,,0.0,,0,0
True,Deutsch-Jozsa,10,2894379746,10,43,5,5,0.5,0.5,0.5,1.0,0.09,5,5
True,Deutsch-Jozsa,10,1677236133,0,20,0,0,,0.0,,0.0,,0,0
True,Deutsch-Jozsa,10,2170285820,0,19,0,0,,0.0,,0.0,,0,0
True,Deutsch-Jozsa,10,3038739642,0,20,0,0,,0.0,,0.0,,0,0
True,Deutsch-Jozsa,12,2999572275,0,23,0,0,,0.0,,0.0,,0,0
True,Deutsch-Jozsa,12,3664521497,12,52,7,5,0.416667,0.583333,0.583333,1.0,0.0625,7,5
True,Deutsch-Jozsa,12,1921546347,0,23,0,0,,0.0,,0.0,,0,0
True,Deutsch-Jozsa,12,917176860,12,52,6,6,0.5,0.5,0.5,1.0,0.055556,6,6
True,Deutsch-Jozsa,14,878364677,14,61,6,8,0.571429,0.428571,0.428571,1.0,0.035714,6,8
True,Deutsch-Jozsa,14,540963192,0,27,0,0,,0.0,,0.0,,0,0
True,Deutsch-Jozsa,14,2891646272,14,61,7,7,0.5,0.5,0.5,1.0,0.05102,7,7
True,Deutsch-Jozsa,14,3209433372,14,61,7,7,0.5,0.5,0.5,1.0,0.045918,7,7
True,Deutsch-Jozsa,16,2177328570,0,31,0,0,,0.0,,0.0,,0,0
True,Deutsch-Jozsa,16,3428845084,16,70,6,10,0.625,0.375,0.375,1.0,0.035156,6,10
True,Deutsch-Jozsa,16,2981129161,0,31,0,0,,0.0,,0.0,,0,0
True,Deutsch-Jozsa,16,1968463444,0,32,0,0,,0.0,,0.0,,0,0
True,Deutsch-Jozsa,20,3148310816,0,39,0,0,,0.0,,0.0,,0,0
True,Deutsch-Jozsa,20,3407819890,20,88,11,9,0.45,0.55,0.55,1.0,0.04,11,9
True,Deutsch-Jozsa,20,3377197082,0,39,0,0,,0.0,,0.0,,0,0
True,Deutsch-Jozsa,20,3835324690,20,88,9,11,0.55,0.45,0.45,1.0,0.0325,9,11
True,Deutsch-Jozsa,24,588679641,0,47,0,0,,0.0,,0.0,,0,0
True,Deutsch-Jozsa,24,273034120,24,106,13,11,0.458333,0.541667,0.541667,1.0,0.032986,13,11
True,Deutsch-Jozsa,24,3163285520,24,106,9,15,0.625,0.375,0.375,1.0,0.029514,9,15
True,Deutsch-Jozsa,24,3367646750,0,48,0,0,,0.0,,0.0,,0,0
True,Deutsch-Jozsa,32,1840106566,0,63,0,0,,0.0,,0.0,,0,0
True,Deutsch-Jozsa,32,1253132132,32,142,15,17,0.53125,0.46875,0.46875,1.0,0.019531,15,17
True,Deutsch-Jozsa,32,3729349504,0,63,0,0,,0.0,,0.0,,0,0
True,Deutsch-Jozsa,32,2500149497,0,64,0,0,,0.0,,0.0,,0,0
True,Deutsch-Jozsa,48,3403607391,48,214,23,25,0.520833,0.479167,0.479167,1.0,0.015191,23,25
True,Deutsch-Jozsa,48,3320723168,0,96,0,0,,0.0,,0.0,,0,0
True,Deutsch-Jozsa,48,3335873664,0,95,0,0,,0.0,,0.0,,0,0
True,Deutsch-Jozsa,48,2923406215,48,214,23,25,0.520833,0.479167,0.479167,1.0,0.016493,23,25
True,Deutsch-Jozsa,64,584637502,0,128,0,0,,0.0,,0.0,,0,0
True,Deutsch-Jozsa,64,1531966151,64,286,31,33,0.515625,0.484375,0.484375,1.0,0.013184,31,33
True,Deutsch-Jozsa,64,420298912,0,127,0,0,,0.0,,0.0,,0,0
True,Deutsch-Jozsa,64,147593962,64,286,33,31,0.484375,0.515625,0.515625,1.0,0.011719,33,31
True,GHZ State,4,3135244225,4,8,1,3,0.75,0.25,0.25,1.0,0.25,1,3
True,GHZ State,4,624137301,4,8,1,3,0.75,0.25,0.25,1.0,0.25,1,3
True,GHZ State,4,2291686469,4,8,1,3,0.75,0.25,0.25,1.0,0.25,1,3
True,GHZ State,4,1233910836,4,8,1,3,0.75,0.25,0.25,1.0,0.25,1,3
True,GHZ State,6,2325471222,6,12,1,5,0.833333,0.166667,0.166667,1.0,0.166667,1,5
True,GHZ State,6,4225937491,6,12,1,5,0.833333,0.166667,0.166667,1.0,0.166667,1,5
True,GHZ State,6,1267305731,6,12,1,5,0.833333,0.166667,0.166667,1.0,0.166667,1,5
True,GHZ State,6,245523245,6,12,1,5,0.833333,0.166667,0.166667,1.0,0.166667,1,5
True,GHZ State,8,2414959323,8,16,1,7,0.875,0.125,0.125,1.0,0.125,1,7
True,GHZ State,8,1779188476,8,16,1,7,0.875,0.125,0.125,1.0,0.125,1,7
True,GHZ State,8,830692613,8,16,1,7,0.875,0.125,0.125,1.0,0.125,1,7
True,GHZ State,8,3439215046,8,16,1,7,0.875,0.125,0.125,1.0,0.125,1,7
True,GHZ State,10,574437616,10,20,1,9,0.9,0.1,0.1,1.0,0.1,1,9
True,GHZ State,10,254562856,10,20,1,9,0.9,0.1,0.1,1.0,0.1,1,9
True,GHZ State,10,4156414473,10,20,1,9,0.9,0.1,0.1,1.0,0.1,1,9
True,GHZ State,10,2697058160,10,20,1,9,0.9,0.1,0.1,1.0,0.1,1,9
True,GHZ State,12,1426673633,12,24,1,11,0.916667,0.083333,0.083333,1.0,0.083333,1,11
True,GHZ State,12,3235047853,12,24,1,11,0.916667,0.083333,0.083333,1.0,0.083333,1,11
True,GHZ State,12,556696138,12,24,1,11,0.916667,0.083333,0.083333,1.0,0.083333,1,11
True,GHZ State,12,1277485512,12,24,1,11,0.916667,0.083333,0.083333,1.0,0.083333,1,11
True,GHZ State,14,674500674,14,28,1,13,0.928571,0.071429,0.071429,1.0,0.071429,1,13
True,GHZ State,14,1215823035,14,28,1,13,0.928571,0.071429,0.071429,1.0,0.071429,1,13
True,GHZ State,14,3992816419,14,28,1,13,0.928571,0.071429,0.071429,1.0,0.071429,1,13
True,GHZ State,14,3652471879,14,28,1,13,0.928571,0.071429,0.071429,1.0,0.071429,1,13
True,GHZ State,16,3336514016,16,32,1,15,0.9375,0.0625,0.0625,1.0,0.0625,1,15
True,GHZ State,16,3620414454,16,32,1,15,0.9375,0.0625,0.0625,1.0,0.0625,1,15
True,GHZ State,16,2286674545,16,32,1,15,0.9375,0.0625,0.0625,1.0,0.0625,1,15
True,GHZ State,16,766853422,16,32,1,15,0.9375,0.0625,0.0625,1.0,0.0625,1,15
True,GHZ State,20,1030669071,20,40,1,19,0.95,0.05,0.05,1.0,0.05,1,19
True,GHZ State,20,1866927994,20,40,1,19,0.95,0.05,0.05,1.0,0.05,1,19
True,GHZ State,20,3376840886,20,40,1,19,0.95,0.05,0.05,1.0,0.05,1,19
True,GHZ State,20,921548290,20,40,1,19,0.95,0.05,0.05,1.0,0.05,1,19
True,GHZ State,24,1163802020,24,48,1,23,0.958333,0.041667,0.041667,1.0,0.041667,1,23
True,GHZ State,24,3699421528,24,48,1,23,0.958333,0.041667,0.041667,1.0,0.041667,1,23
True,GHZ State,24,1119240117,24,48,1,23,0.958333,0.041667,0.041667,1.0,0.041667,1,23
True,GHZ State,24,3041352168,24,48,1,23,0.958333,0.041667,0.041667,1.0,0.041667,1,23
True,GHZ State,32,1635670058,32,64,1,31,0.96875,0.03125,0.03125,1.0,0.03125,1,31
True,GHZ State,32,2353139205,32,64,1,31,0.96875,0.03125,0.03125,1.0,0.03125,1,31
True,GHZ State,32,2614045018,32,64,1,31,0.96875,0.03125,0.03125,1.0,0.03125,1,31
True,GHZ State,32,3829766933,32,64,1,31,0.96875,0.03125,0.03125,1.0,0.03125,1,31
True,GHZ State,48,2850570039,48,96,1,47,0.979167,0.020833,0.020833,1.0,0.020833,1,47
True,GHZ State,48,1891724636,48,96,1,47,0.979167,0.020833,0.020833,1.0,0.020833,1,47
True,GHZ State,48,3226334790,48,96,1,47,0.979167,0.020833,0.020833,1.0,0.020833,1,47
True,GHZ State,48,1993943448,48,96,1,47,0.979167,0.020833,0.020833,1.0,0.020833,1,47
True,GHZ State,64,308664690,64,128,1,63,0.984375,0.015625,0.015625,1.0,0.015625,1,63
True,GHZ State,64,2918503879,64,128,1,63,0.984375,0.015625,0.015625,1.0,0.015625,1,63
True,GHZ State,64,4218407816,64,128,1,63,0.984375,0.015625,0.015625,1.0,0.015625,1,63
True,GHZ State,64,1385175946,64,128,1,63,0.984375,0.015625,0.015625,1.0,0.015625,1,63
True,Bell State / EPR Pairs,4,1531619672,4,8,2,2,0.5,0.5,0.5,1.0,0.25,2,2
True,Bell State / EPR Pairs,4,1329597453,4,8,2,2,0.5,0.5,0.5,1.0,0.25,2,2
True,Bell State / EPR Pairs,4,1483293847,4,8,2,2,0.5,0.5,0.5,1.0,0.25,2,2
True,Bell State / EPR Pairs,4,4103874102,4,8,2,2,0.5,0.5,0.5,1.0,0.25,2,2
True,Bell State / EPR Pairs,6,2699660860,6,12,2,4,0.666667,0.333333,0.333333,1.0,0.166667,2,4
True,Bell State / EPR Pairs,6,888675389,6,12,2,4,0.666667,0.333333,0.333333,1.0,0.166667,2,4
True,Bell State / EPR Pairs,6,1465038152,6,12,2,4,0.666667,0.333333,0.333333,1.0,0.166667,2,4
True,Bell State / EPR Pairs,6,1918940306,6,12,2,4,0.666667,0.333333,0.333333,1.0,0.166667,2,4
True,Bell State / EPR Pairs,8,3637965098,8,16,3,5,0.625,0.375,0.375,1.0,0.125,3,5
True,Bell State / EPR Pairs,8,1732048462,8,16,4,4,0.5,0.5,0.5,1.0,0.125,4,4
True,Bell State / EPR Pairs,8,1640877207,8,16,4,4,0.5,0.5,0.5,1.0,0.125,4,4
True,Bell State / EPR Pairs,8,3951998985,8,16,4,4,0.5,0.5,0.5,1.0,0.125,4,4
True,Bell State / EPR Pairs,10,323664625,10,20,5,5,0.5,0.5,0.5,1.0,0.1,5,5
True,Bell State / EPR Pairs,10,1205961637,10,20,5,5,0.5,0.5,0.5,1.0,0.1,5,5
True,Bell State / EPR Pairs,10,2099579432,10,20,4,6,0.6,0.4,0.4,1.0,0.1,4,6
True,Bell State / EPR Pairs,10,3373823671,10,20,5,5,0.5,0.5,0.5,1.0,0.1,5,5
True,Bell State / EPR Pairs,12,2772340500,12,24,6,6,0.5,0.5,0.5,1.0,0.083333,6,6
True,Bell State / EPR Pairs,12,2954103828,12,24,4,8,0.666667,0.333333,0.333333,1.0,0.083333,4,8
True,Bell State / EPR Pairs,12,2998040516,12,24,6,6,0.5,0.5,0.5,1.0,0.083333,6,6
True,Bell State / EPR Pairs,12,4226992620,12,24,6,6,0.5,0.5,0.5,1.0,0.083333,6,6
True,Bell State / EPR Pairs,14,17705340,14,28,5,9,0.642857,0.357143,0.357143,1.0,0.071429,5,9
True,Bell State / EPR Pairs,14,1602735964,14,28,7,7,0.5,0.5,0.5,1.0,0.071429,7,7
True,Bell State / EPR Pairs,14,1880167928,14,28,6,8,0.571429,0.428571,0.428571,1.0,0.071429,6,8
True,Bell State / EPR Pairs,14,3039732108,14,28,5,9,0.642857,0.357143,0.357143,1.0,0.071429,5,9
True,Bell State / EPR Pairs,16,1657372975,16,32,8,8,0.5,0.5,0.5,1.0,0.0625,8,8
True,Bell State / EPR Pairs,16,4004471600,16,32,6,10,0.625,0.375,0.375,1.0,0.0625,6,10
True,Bell State / EPR Pairs,16,2496001751,16,32,7,9,0.5625,0.4375,0.4375,1.0,0.0625,7,9
True,Bell State / EPR Pairs,16,1448675058,16,32,6,10,0.625,0.375,0.375,1.0,0.0625,6,10
True,Bell State / EPR Pairs,20,4130929357,20,40,8,12,0.6,0.4,0.4,1.0,0.05,8,12
True,Bell State / EPR Pairs,20,2788439441,20,40,9,11,0.55,0.45,0.45,1.0,0.05,9,11
True,Bell State / EPR Pairs,20,1231787495,20,40,7,13,0.65,0.35,0.35,1.0,0.05,7,13
True,Bell State / EPR Pairs,20,995186553,20,40,7,13,0.65,0.35,0.35,1.0,0.05,7,13
True,Bell State / EPR Pairs,24,1363996995,24,48,11,13,0.541667,0.458333,0.458333,1.0,0.041667,11,13
True,Bell State / EPR Pairs,24,3330020747,24,48,11,13,0.541667,0.458333,0.458333,1.0,0.041667,11,13
True,Bell State / EPR Pairs,24,2766117563,24,48,9,15,0.625,0.375,0.375,1.0,0.041667,9,15
True,Bell State / EPR Pairs,24,3130140218,24,48,10,14,0.583333,0.416667,0.416667,1.0,0.041667,10,14
True,Bell State / EPR Pairs,32,1535449348,32,64,12,20,0.625,0.375,0.375,1.0,0.03125,12,20
True,Bell State / EPR Pairs,32,1046222222,32,64,13,19,0.59375,0.40625,0.40625,1.0,0.03125,13,19
True,Bell State / EPR Pairs,32,1401869729,32,64,14,18,0.5625,0.4375,0.4375,1.0,0.03125,14,18
True,Bell State / EPR Pairs,32,3899673343,32,64,15,17,0.53125,0.46875,0.46875,1.0,0.03125,15,17
True,Bell State / EPR Pairs,48,3297685078,48,96,20,28,0.583333,0.416667,0.416667,1.0,0.020833,20,28
True,Bell State / EPR Pairs,48,4229272564,48,96,23,25,0.520833,0.479167,0.479167,1.0,0.020833,23,25
True,Bell State / EPR Pairs,48,3825085378,48,96,22,26,0.541667,0.458333,0.458333,1.0,0.020833,22,26
True,Bell State / EPR Pairs,48,2958226005,48,96,21,27,0.5625,0.4375,0.4375,1.0,0.020833,21,27
True,Bell State / EPR Pairs,64,2808592005,64,128,30,34,0.53125,0.46875,0.46875,1.0,0.015625,30,34
True,Bell State / EPR Pairs,64,1891758613,64,128,30,34,0.53125,0.46875,0.46875,1.0,0.015625,30,34
True,Bell State / EPR Pairs,64,3426544745,64,128,27,37,0.578125,0.421875,0.421875,1.0,0.015625,27,37
True,Bell State / EPR Pairs,64,378710583,64,128,27,37,0.578125,0.421875,0.421875,1.0,0.015625,27,37
True,Graph State,4,2232906492,4,14,4,0,0.0,1.0,1.0,1.0,0.25,4,0
True,Graph State,4,567352175,4,17,3,1,0.25,0.75,0.75,1.0,0.25,3,1
True,Graph State,4,4088126566,4,11,3,1,0.25,0.75,0.75,1.0,0.25,3,1
True,Graph State,4,3463785198,4,14,3,1,0.25,0.75,0.75,1.0,0.25,3,1
True,Graph State,6,2787513568,6,21,4,2,0.333333,0.666667,0.666667,1.0,0.166667,4,2
True,Graph State,6,1230967753,6,24,4,2,0.333333,0.666667,0.666667,1.0,0.166667,4,2
True,Graph State,6,2844588571,6,27,4,2,0.333333,0.666667,0.666667,1.0,0.166667,4,2
True,Graph State,6,3196704187,6,33,4,2,0.333333,0.666667,0.666667,1.0,0.166667,4,2
True,Graph State,8,1623126856,8,40,5,3,0.375,0.625,0.625,1.0,0.125,5,3
True,Graph State,8,4168217701,8,28,5,3,0.375,0.625,0.625,1.0,0.125,5,3
True,Graph State,8,4035998895,8,40,5,3,0.375,0.625,0.625,1.0,0.125,5,3
True,Graph State,8,2472779039,8,34,7,1,0.125,0.875,0.875,1.0,0.125,7,1
True,Graph State,10,3857668066,10,65,7,3,0.3,0.7,0.7,1.0,0.1,7,3
True,Graph State,10,1133995563,10,71,6,4,0.4,0.6,0.6,1.0,0.1,6,4
True,Graph State,10,99368338,10,74,8,2,0.2,0.8,0.8,1.0,0.1,8,2
True,Graph State,10,1676450911,10,44,8,2,0.2,0.8,0.8,1.0,0.1,8,2
True,Graph State,12,351247496,12,84,9,3,0.25,0.75,0.75,1.0,0.083333,9,3
True,Graph State,12,3285989516,12,75,7,5,0.416667,0.583333,0.583333,1.0,0.083333,7,5
True,Graph State,12,679006252,12,81,8,4,0.333333,0.666667,0.666667,1.0,0.083333,8,4
True,Graph State,12,1570892271,12,84,7,5,0.416667,0.583333,0.583333,1.0,0.083333,7,5
True,Graph State,14,105272862,14,115,11,3,0.214286,0.785714,0.785714,1.0,0.071429,11,3
True,Graph State,14,1093123904,14,106,7,7,0.5,0.5,0.5,1.0,0.071429,7,7
True,Graph State,14,2507955724,14,127,10,4,0.285714,0.714286,0.714286,1.0,0.071429,10,4
True,Graph State,14,1762335684,14,115,9,5,0.357143,0.642857,0.642857,1.0,0.071429,9,5
True,Graph State,16,4014812040,16,164,9,7,0.4375,0.5625,0.5625,1.0,0.0625,9,7
True,Graph State,16,3874555543,16,143,11,5,0.3125,0.6875,0.6875,1.0,0.0625,11,5
True,Graph State,16,377276772,16,128,9,7,0.4375,0.5625,0.5625,1.0,0.0625,9,7
True,Graph State,16,1096010251,16,137,11,5,0.3125,0.6875,0.6875,1.0,0.0625,11,5
True,Graph State,20,3660606361,20,202,13,7,0.35,0.65,0.65,1.0,0.05,13,7
True,Graph State,20,3857709921,20,214,10,10,0.5,0.5,0.5,1.0,0.05,10,10
True,Graph State,20,1132461809,20,211,13,7,0.35,0.65,0.65,1.0,0.05,13,7
True,Graph State,20,3745366246,20,217,11,9,0.45,0.55,0.55,1.0,0.05,11,9
True,Graph State,24,4255869419,24,306,15,9,0.375,0.625,0.625,1.0,0.041667,15,9
True,Graph State,24,1130487306,24,294,16,8,0.333333,0.666667,0.666667,1.0,0.041667,16,8
True,Graph State,24,2284352140,24,306,16,8,0.333333,0.666667,0.666667,1.0,0.041667,16,8
True,Graph State,24,199826046,24,363,13,11,0.458333,0.541667,0.541667,1.0,0.041667,13,11
True,Graph State,32,1560828714,32,487,20,12,0.375,0.625,0.625,1.0,0.03125,20,12
True,Graph State,32,1455699362,32,469,20,12,0.375,0.625,0.625,1.0,0.03125,20,12
True,Graph State,32,2419785238,32,499,21,11,0.34375,0.65625,0.65625,1.0,0.03125,21,11
True,Graph State,32,3045499620,32,460,17,15,0.46875,0.53125,0.53125,1.0,0.03125,17,15
True,Graph State,48,1759808473,48,1188,28,20,0.416667,0.583333,0.583333,1.0,0.020833,28,20
True,Graph State,48,488068595,48,1053,29,19,0.395833,0.604167,0.604167,1.0,0.020833,29,19
True,Graph State,48,2139341681,48,1167,30,18,0.375,0.625,0.625,1.0,0.020833,30,18
True,Graph State,48,511164159,48,1107,30,18,0.375,0.625,0.625,1.0,0.020833,30,18
True,Graph State,64,690739034,64,2027,42,22,0.34375,0.65625,0.65625,1.0,0.015625,42,22
True,Graph State,64,1111958818,64,1988,41,23,0.359375,0.640625,0.640625,1.0,0.015625,41,23
True,Graph State,64,1571816141,64,1985,42,22,0.34375,0.65625,0.65625,1.0,0.015625,42,22
True,Graph State,64,1637682664,64,1946,41,23,0.359375,0.640625,0.640625,1.0,0.015625,41,23
True,Cluster State (1D),4,1431303206,4,17,3,1,0.25,0.75,0.75,1.0,0.25,3,1
True,Cluster State (1D),4,1213405341,4,17,3,1,0.25,0.75,0.75,1.0,0.25,3,1
True,Cluster State (1D),4,1355380536,4,17,2,2,0.5,0.5,0.5,1.0,0.25,2,2
True,Cluster State (1D),4,836473973,4,17,4,0,0.0,1.0,1.0,1.0,0.25,4,0
True,Cluster State (1D),6,2983180315,6,27,6,0,0.0,1.0,1.0,1.0,0.166667,6,0
True,Cluster State (1D),6,550817595,6,27,5,1,0.166667,0.833333,0.833333,1.0,0.166667,5,1
True,Cluster State (1D),6,1670096612,6,27,4,2,0.333333,0.666667,0.666667,1.0,0.166667,4,2
True,Cluster State (1D),6,3458860003,6,27,4,2,0.333333,0.666667,0.666667,1.0,0.166667,4,2
True,Cluster State (1D),8,3857262155,8,37,5,3,0.375,0.625,0.625,1.0,0.125,5,3
True,Cluster State (1D),8,2256987938,8,37,7,1,0.125,0.875,0.875,1.0,0.125,7,1
True,Cluster State (1D),8,1528653494,8,37,5,3,0.375,0.625,0.625,1.0,0.125,5,3
True,Cluster State (1D),8,1086830208,8,37,4,4,0.5,0.5,0.5,1.0,0.125,4,4
True,Cluster State (1D),10,1833274075,10,47,8,2,0.2,0.8,0.8,1.0,0.1,8,2
True,Cluster State (1D),10,2303802847,10,47,6,4,0.4,0.6,0.6,1.0,0.1,6,4
True,Cluster State (1D),10,1228481861,10,47,7,3,0.3,0.7,0.7,1.0,0.1,7,3
True,Cluster State (1D),10,2686447468,10,47,7,3,0.3,0.7,0.7,1.0,0.1,7,3
True,Cluster State (1D),12,59720401,12,57,8,4,0.333333,0.666667,0.666667,1.0,0.083333,8,4
True,Cluster State (1D),12,289528008,12,57,7,5,0.416667,0.583333,0.583333,1.0,0.083333,7,5
True,Cluster State (1D),12,1363087863,12,57,9,3,0.25,0.75,0.75,1.0,0.083333,9,3
True,Cluster State (1D),12,2376041741,12,57,8,4,0.333333,0.666667,0.666667,1.0,0.083333,8,4
True,Cluster State (1D),14,1288051328,14,67,9,5,0.357143,0.642857,0.642857,1.0,0.071429,9,5
True,Cluster State (1D),14,52637219,14,67,9,5,0.357143,0.642857,0.642857,1.0,0.071429,9,5
True,Cluster State (1D),14,3146081192,14,67,9,5,0.357143,0.642857,0.642857,1.0,0.071429,9,5
True,Cluster State (1D),14,4072830915,14,67,10,4,0.285714,0.714286,0.714286,1.0,0.071429,10,4
True,Cluster State (1D),16,302234606,16,77,9,7,0.4375,0.5625,0.5625,1.0,0.0625,9,7
True,Cluster State (1D),16,281848059,16,77,11,5,0.3125,0.6875,0.6875,1.0,0.0625,11,5
True,Cluster State (1D),16,1946922536,16,77,10,6,0.375,0.625,0.625,1.0,0.0625,10,6
True,Cluster State (1D),16,3695141092,16,77,9,7,0.4375,0.5625,0.5625,1.0,0.0625,9,7
True,Cluster State (1D),20,3010143635,20,97,11,9,0.45,0.55,0.55,1.0,0.05,11,9
True,Cluster State (1D),20,4219329357,20,97,8,12,0.6,0.4,0.4,1.0,0.05,8,12
True,Cluster State (1D),20,2788277994,20,97,13,7,0.35,0.65,0.65,1.0,0.05,13,7
True,Cluster State (1D),20,1947838344,20,97,14,6,0.3,0.7,0.7,1.0,0.05,14,6
True,Cluster State (1D),24,2073802788,24,117,16,8,0.333333,0.666667,0.666667,1.0,0.041667,16,8
True,Cluster State (1D),24,2595920884,24,117,15,9,0.375,0.625,0.625,1.0,0.041667,15,9
True,Cluster State (1D),24,1051160735,24,117,17,7,0.291667,0.708333,0.708333,1.0,0.041667,17,7
True,Cluster State (1D),24,1078010989,24,117,16,8,0.333333,0.666667,0.666667,1.0,0.041667,16,8
True,Cluster State (1D),32,613172735,32,157,23,9,0.28125,0.71875,0.71875,1.0,0.03125,23,9
True,Cluster State (1D),32,2501689757,32,157,20,12,0.375,0.625,0.625,1.0,0.03125,20,12
True,Cluster State (1D),32,2053888671,32,157,21,11,0.34375,0.65625,0.65625,1.0,0.03125,21,11
True,Cluster State (1D),32,2707146006,32,157,21,11,0.34375,0.65625,0.65625,1.0,0.03125,21,11
True,Cluster State (1D),48,3285736093,48,237,30,18,0.375,0.625,0.625,1.0,0.020833,30,18
True,Cluster State (1D),48,615248151,48,237,30,18,0.375,0.625,0.625,1.0,0.020833,30,18
True,Cluster State (1D),48,937156280,48,237,22,26,0.541667,0.458333,0.458333,1.0,0.020833,22,26
True,Cluster State (1D),48,682028262,48,237,30,18,0.375,0.625,0.625,1.0,0.020833,30,18
True,Cluster State (1D),64,2242926488,64,317,37,27,0.421875,0.578125,0.578125,1.0,0.015625,37,27
True,Cluster State (1D),64,3033553651,64,317,43,21,0.328125,0.671875,0.671875,1.0,0.015625,43,21
True,Cluster State (1D),64,1950119485,64,317,43,21,0.328125,0.671875,0.671875,1.0,0.015625,43,21
True,Cluster State (1D),64,3957442581,64,317,43,21,0.328125,0.671875,0.671875,1.0,0.015625,43,21
True,Grover Search,4,2641900505,168,460,4,164,0.97619,1.0,0.02381,42.0,0.313988,4,164
True,Grover Search,4,1224222577,168,452,4,164,0.97619,1.0,0.02381,42.0,0.313988,4,164
True,Grover Search,4,3828840023,168,460,4,164,0.97619,1.0,0.02381,42.0,0.313988,4,164
True,Grover Search,4,287863036,168,452,4,164,0.97619,1.0,0.02381,42.0,0.313988,4,164
True,Grover Search,6,3041513281,686,1742,6,680,0.991254,1.0,0.008746,114.3333,0.170797,6,680
True,Grover Search,6,3147277155,686,1714,6,680,0.991254,1.0,0.008746,114.3333,0.170797,6,680
True,Grover Search,6,3709248820,686,1714,6,680,0.991254,1.0,0.008746,114.3333,0.170797,6,680
True,Grover Search,6,2726059548,686,1714,6,680,0.991254,1.0,0.008746,114.3333,0.170797,6,680
True,Grover Search,8,802239192,2002,4896,8,1994,0.996004,1.0,0.003996,250.25,0.120317,8,1994
True,Grover Search,8,2215837221,2002,4870,8,1994,0.996004,1.0,0.003996,250.25,0.120317,8,1994
True,Grover Search,8,159977451,2002,4844,8,1994,0.996004,1.0,0.003996,250.25,0.120317,8,1994
True,Grover Search,8,2699827249,2002,4844,8,1994,0.996004,1.0,0.003996,250.25,0.120317,8,1994
True,Grover Search,10,1644436392,5460,13166,10,5450,0.998168,1.0,0.001832,546.0,0.093388,10,5450
True,Grover Search,10,300315835,5460,13166,10,5450,0.998168,1.0,0.001832,546.0,0.093388,10,5450
True,Grover Search,10,390022806,5460,13114,10,5450,0.998168,1.0,0.001832,546.0,0.093388,10,5450
True,Grover Search,10,1594930541,5460,13114,10,5450,0.998168,1.0,0.001832,546.0,0.093388,10,5450
True,Grover Search,12,2363874515,13566,32244,12,13554,0.999115,1.0,0.000885,1130.5,0.07646,12,13554
True,Grover Search,12,2423921705,13566,32142,12,13554,0.999115,1.0,0.000885,1130.5,0.07646,12,13554
True,Grover Search,12,2299119866,13566,32346,12,13554,0.999115,1.0,0.000885,1130.5,0.07646,12,13554
True,Grover Search,12,2683479133,13566,32346,12,13554,0.999115,1.0,0.000885,1130.5,0.07646,12,13554
True,Grover Search,14,2586645190,16100,38514,14,16086,0.99913,1.0,0.00087,1150.0,0.064787,14,16086
True,Grover Search,14,3124080239,16100,38314,14,16086,0.99913,1.0,0.00087,1150.0,0.064787,14,16086
True,Grover Search,14,3918702279,16100,38314,14,16086,0.99913,1.0,0.00087,1150.0,0.064787,14,16086
True,Grover Search,14,1567093852,16100,38314,14,16086,0.99913,1.0,0.00087,1150.0,0.064787,14,16086
True,Grover Search,16,3569129254,18900,44616,16,18884,0.999153,1.0,0.000847,1181.25,0.056227,16,18884
True,Grover Search,16,236403858,18900,45216,16,18884,0.999153,1.0,0.000847,1181.25,0.056227,16,18884
True,Grover Search,16,2294544013,18900,44516,16,18884,0.999153,1.0,0.000847,1181.25,0.056227,16,18884
True,Grover Search,16,1137017813,18900,44916,16,18884,0.999153,1.0,0.000847,1181.25,0.056227,16,18884
True,VQE Hardware-Efficient Ansatz,4,1360620816,418,496,4,414,0.990431,1.0,0.009569,104.5,0.271531,4,414
True,VQE Hardware-Efficient Ansatz,4,32733378,410,486,4,406,0.990244,1.0,0.009756,102.5,0.256707,4,406
True,VQE Hardware-Efficient Ansatz,4,50239668,412,488,4,408,0.990291,1.0,0.009709,103.0,0.271845,4,408
True,VQE Hardware-Efficient Ansatz,4,3850991794,409,484,4,405,0.99022,1.0,0.00978,102.25,0.290342,4,405
True,VQE Hardware-Efficient Ansatz,6,4004132295,618,734,6,612,0.990291,1.0,0.009709,103.0,0.204693,6,612
True,VQE Hardware-Efficient Ansatz,6,1205966437,612,726,6,606,0.990196,1.0,0.009804,102.0,0.232843,6,606
True,VQE Hardware-Efficient Ansatz,6,3765641828,622,738,6,616,0.990354,1.0,0.009646,103.6667,0.219453,6,616
True,VQE Hardware-Efficient Ansatz,6,1833824730,607,722,6,601,0.990115,1.0,0.009885,101.1667,0.201263,6,601
True,VQE Hardware-Efficient Ansatz,8,2171572760,826,982,8,818,0.990315,1.0,0.009685,103.25,0.215345,8,818
True,VQE Hardware-Efficient Ansatz,8,3393184668,818,972,8,810,0.99022,1.0,0.00978,102.25,0.189028,8,810
True,VQE Hardware-Efficient Ansatz,8,2305912336,818,972,8,810,0.99022,1.0,0.00978,102.25,0.186889,8,810
True,VQE Hardware-Efficient Ansatz,8,354332751,815,968,8,807,0.990184,1.0,0.009816,101.875,0.14816,8,807
True,VQE Hardware-Efficient Ansatz,10,2247796340,1043,1240,10,1033,0.990412,1.0,0.009588,104.3,0.195206,10,1033
True,VQE Hardware-Efficient Ansatz,10,3554258291,1040,1236,10,1030,0.990385,1.0,0.009615,104.0,0.182981,10,1030
True,VQE Hardware-Efficient Ansatz,10,1455858166,1018,1210,10,1008,0.990177,1.0,0.009823,101.8,0.150491,10,1008
True,VQE Hardware-Efficient Ansatz,10,2240205228,1044,1240,10,1034,0.990421,1.0,0.009579,104.4,0.19636,10,1034
True,VQE Hardware-Efficient Ansatz,12,3139343115,1242,1476,12,1230,0.990338,1.0,0.009662,103.5,0.153315,12,1230
True,VQE Hardware-Efficient Ansatz,12,182051080,1219,1448,12,1207,0.990156,1.0,0.009844,101.5833,0.145748,12,1207
True,VQE Hardware-Efficient Ansatz,12,1577321963,1232,1464,12,1220,0.99026,1.0,0.00974,102.6667,0.14279,12,1220
True,VQE Hardware-Efficient Ansatz,12,2143847602,1228,1462,12,1216,0.990228,1.0,0.009772,102.3333,0.158659,12,1216
True,VQE Hardware-Efficient Ansatz,14,4211860134,1452,1726,14,1438,0.990358,1.0,0.009642,103.7143,0.162977,14,1438
True,VQE Hardware-Efficient Ansatz,14,2986221312,1451,1724,14,1437,0.990351,1.0,0.009649,103.6429,0.162893,14,1437
True,VQE Hardware-Efficient Ansatz,14,2547548202,1448,1720,14,1434,0.990331,1.0,0.009669,103.4286,0.151292,14,1434
True,VQE Hardware-Efficient Ansatz,14,313994673,1414,1680,14,1400,0.990099,1.0,0.009901,101.0,0.131289,14,1400
True,VQE Hardware-Efficient Ansatz,16,56769947,1663,1978,16,1647,0.990379,1.0,0.009621,103.9375,0.174985,16,1647
True,VQE Hardware-Efficient Ansatz,16,3960110766,1654,1966,16,1638,0.990326,1.0,0.009674,103.375,0.157988,16,1638
True,VQE Hardware-Efficient Ansatz,16,1885872845,1639,1950,16,1623,0.990238,1.0,0.009762,102.4375,0.146965,16,1623
True,VQE Hardware-Efficient Ansatz,16,3237099158,1621,1928,16,1605,0.99013,1.0,0.00987,101.3125,0.135179,16,1605
True,VQE Hardware-Efficient Ansatz,20,2926044805,2049,2436,20,2029,0.990239,1.0,0.009761,102.45,0.133138,20,2029
True,VQE Hardware-Efficient Ansatz,20,59181890,2084,2478,20,2064,0.990403,1.0,0.009597,104.2,0.155734,20,2064
True,VQE Hardware-Efficient Ansatz,20,742688395,2058,2448,20,2038,0.990282,1.0,0.009718,102.9,0.164674,20,2038
True,VQE Hardware-Efficient Ansatz,20,82739534,2063,2456,20,2043,0.990305,1.0,0.009695,103.15,0.141808,20,2043
True,VQE Hardware-Efficient Ansatz,24,1239900048,2441,2902,24,2417,0.990168,1.0,0.009832,101.7083,0.134849,24,2417
True,VQE Hardware-Efficient Ansatz,24,1986808569,2439,2900,24,2415,0.99016,1.0,0.00984,101.625,0.139897,24,2415
True,VQE Hardware-Efficient Ansatz,24,2856179188,2437,2898,24,2413,0.990152,1.0,0.009848,101.5417,0.134216,24,2413
True,VQE Hardware-Efficient Ansatz,24,1770928916,2462,2928,24,2438,0.990252,1.0,0.009748,102.5833,0.136102,24,2438
True,VQE Hardware-Efficient Ansatz,32,3776578384,3294,3920,32,3262,0.990285,1.0,0.009715,102.9375,0.137466,32,3262
True,VQE Hardware-Efficient Ansatz,32,3319079771,3292,3920,32,3260,0.990279,1.0,0.009721,102.875,0.154342,32,3260
True,VQE Hardware-Efficient Ansatz,32,3210011685,3267,3886,32,3235,0.990205,1.0,0.009795,102.0938,0.1239,32,3235
True,VQE Hardware-Efficient Ansatz,32,3960381368,3287,3908,32,3255,0.990265,1.0,0.009735,102.7188,0.111519,32,3255
True,VQE Hardware-Efficient Ansatz,48,2479414665,4937,5874,48,4889,0.990277,1.0,0.009723,102.8542,0.129431,48,4889
True,VQE Hardware-Efficient Ansatz,48,1560456976,4930,5864,48,4882,0.990264,1.0,0.009736,102.7083,0.111346,48,4882
True,VQE Hardware-Efficient Ansatz,48,3085438036,4946,5886,48,4898,0.990295,1.0,0.009705,103.0417,0.131761,48,4898
True,VQE Hardware-Efficient Ansatz,48,2881588493,4918,5854,48,4870,0.99024,1.0,0.00976,102.4583,0.127554,48,4870
True,VQE Hardware-Efficient Ansatz,64,1048444960,6534,7774,64,6470,0.990205,1.0,0.009795,102.0938,0.102706,64,6470
True,VQE Hardware-Efficient Ansatz,64,1345262302,6538,7780,64,6474,0.990211,1.0,0.009789,102.1562,0.116607,64,6474
True,VQE Hardware-Efficient Ansatz,64,1691875566,6609,7866,64,6545,0.990316,1.0,0.009684,103.2656,0.134398,64,6545
True,VQE Hardware-Efficient Ansatz,64,4278765806,6567,7816,64,6503,0.990254,1.0,0.009746,102.6094,0.13155,64,6503
True,"QAOA MaxCut (p=1, 3-regular)",4,1344538679,10,34,4,6,0.6,1.0,0.4,2.5,0.35,3,7
True,"QAOA MaxCut (p=1, 3-regular)",4,2456555851,10,34,4,6,0.6,1.0,0.4,2.5,0.35,3,7
True,"QAOA MaxCut (p=1, 3-regular)",4,3256684125,10,34,4,6,0.6,1.0,0.4,2.5,0.35,3,7
True,"QAOA MaxCut (p=1, 3-regular)",4,2845242293,10,34,4,6,0.6,1.0,0.4,2.5,0.35,3,7
True,"QAOA MaxCut (p=1, 3-regular)",6,1748823728,15,51,6,9,0.6,1.0,0.4,2.5,0.288889,5,10
True,"QAOA MaxCut (p=1, 3-regular)",6,3103418978,15,51,6,9,0.6,1.0,0.4,2.5,0.277778,5,10
True,"QAOA MaxCut (p=1, 3-regular)",6,3690847224,15,51,5,10,0.666667,0.833333,0.333333,2.5,0.255556,5,10
True,"QAOA MaxCut (p=1, 3-regular)",6,1178667614,15,51,6,9,0.6,1.0,0.4,2.5,0.3,5,10
True,"QAOA MaxCut (p=1, 3-regular)",8,261500677,20,68,8,12,0.6,1.0,0.4,2.5,0.25625,7,13
True,"QAOA MaxCut (p=1, 3-regular)",8,2988357945,20,68,7,13,0.65,0.875,0.35,2.5,0.2,7,13
True,"QAOA MaxCut (p=1, 3-regular)",8,272900221,20,68,8,12,0.6,1.0,0.4,2.5,0.24375,7,13
True,"QAOA MaxCut (p=1, 3-regular)",8,1344533154,20,68,8,12,0.6,1.0,0.4,2.5,0.3,7,13
True,"QAOA MaxCut (p=1, 3-regular)",10,3233223629,25,85,10,15,0.6,1.0,0.4,2.5,0.176,9,16
True,"QAOA MaxCut (p=1, 3-regular)",10,2664437001,25,85,10,15,0.6,1.0,0.4,2.5,0.212,9,16
True,"QAOA MaxCut (p=1, 3-regular)",10,2913796011,25,85,10,15,0.6,1.0,0.4,2.5,0.184,9,16
True,"QAOA MaxCut (p=1, 3-regular)",10,2164525625,25,85,10,15,0.6,1.0,0.4,2.5,0.196,9,16
True,"QAOA MaxCut (p=1, 3-regular)",12,3243139590,30,102,12,18,0.6,1.0,0.4,2.5,0.152778,11,19
True,"QAOA MaxCut (p=1, 3-regular)",12,1870605108,30,102,12,18,0.6,1.0,0.4,2.5,0.208333,11,19
True,"QAOA MaxCut (p=1, 3-regular)",12,3322529788,30,102,12,18,0.6,1.0,0.4,2.5,0.188889,11,19
True,"QAOA MaxCut (p=1, 3-regular)",12,1881287517,30,102,11,19,0.633333,0.916667,0.366667,2.5,0.180556,11,19
True,"QAOA MaxCut (p=1, 3-regular)",14,1986795788,35,119,14,21,0.6,1.0,0.4,2.5,0.136735,13,22
True,"QAOA MaxCut (p=1, 3-regular)",14,1170084784,35,119,13,22,0.628571,0.928571,0.371429,2.5,0.183673,13,22
True,"QAOA MaxCut (p=1, 3-regular)",14,4273640496,35,119,14,21,0.6,1.0,0.4,2.5,0.161224,13,22
True,"QAOA MaxCut (p=1, 3-regular)",14,1859511217,35,119,14,21,0.6,1.0,0.4,2.5,0.159184,13,22
True,"QAOA MaxCut (p=1, 3-regular)",16,2783179034,40,136,15,25,0.625,0.9375,0.375,2.5,0.160938,15,25
True,"QAOA MaxCut (p=1, 3-regular)",16,765137845,40,136,15,25,0.625,0.9375,0.375,2.5,0.154688,15,25
True,"QAOA MaxCut (p=1, 3-regular)",16,655781808,40,136,15,25,0.625,0.9375,0.375,2.5,0.15625,15,25
True,"QAOA MaxCut (p=1, 3-regular)",16,1521926488,40,136,16,24,0.6,1.0,0.4,2.5,0.164062,15,25
True,"QAOA MaxCut (p=1, 3-regular)",20,2078643629,50,170,20,30,0.6,1.0,0.4,2.5,0.126,19,31
True,"QAOA MaxCut (p=1, 3-regular)",20,2972880493,50,170,20,30,0.6,1.0,0.4,2.5,0.132,19,31
True,"QAOA MaxCut (p=1, 3-regular)",20,531426528,50,170,20,30,0.6,1.0,0.4,2.5,0.124,19,31
True,"QAOA MaxCut (p=1, 3-regular)",20,1728309136,50,170,20,30,0.6,1.0,0.4,2.5,0.134,19,31
True,"QAOA MaxCut (p=1, 3-regular)",24,3882299640,60,204,23,37,0.616667,0.958333,0.383333,2.5,0.129167,23,37
True,"QAOA MaxCut (p=1, 3-regular)",24,3015190514,60,204,23,37,0.616667,0.958333,0.383333,2.5,0.1125,23,37
True,"QAOA MaxCut (p=1, 3-regular)",24,601830934,60,204,24,36,0.6,1.0,0.4,2.5,0.151389,23,37
True,"QAOA MaxCut (p=1, 3-regular)",24,1397404837,60,204,24,36,0.6,1.0,0.4,2.5,0.116667,23,37
True,"QAOA MaxCut (p=1, 3-regular)",32,2398184901,80,272,31,49,0.6125,0.96875,0.3875,2.5,0.098437,31,49
True,"QAOA MaxCut (p=1, 3-regular)",32,2813105342,80,272,32,48,0.6,1.0,0.4,2.5,0.096484,31,49
True,"QAOA MaxCut (p=1, 3-regular)",32,2674081872,80,272,32,48,0.6,1.0,0.4,2.5,0.089063,31,49
True,"QAOA MaxCut (p=1, 3-regular)",32,194079087,80,272,31,49,0.6125,0.96875,0.3875,2.5,0.105469,31,49
True,"QAOA MaxCut (p=1, 3-regular)",48,1346722803,120,408,47,73,0.608333,0.979167,0.391667,2.5,0.072396,47,73
True,"QAOA MaxCut (p=1, 3-regular)",48,285614762,120,408,48,72,0.6,1.0,0.4,2.5,0.085938,47,73
True,"QAOA MaxCut (p=1, 3-regular)",48,27051022,120,408,48,72,0.6,1.0,0.4,2.5,0.076563,47,73
True,"QAOA MaxCut (p=1, 3-regular)",48,2658671792,120,408,48,72,0.6,1.0,0.4,2.5,0.072222,47,73
True,"QAOA MaxCut (p=1, 3-regular)",64,1167048128,160,544,61,99,0.61875,0.953125,0.38125,2.5,0.069824,63,97
True,"QAOA MaxCut (p=1, 3-regular)",64,3508696494,160,544,63,97,0.60625,0.984375,0.39375,2.5,0.075586,63,97
True,"QAOA MaxCut (p=1, 3-regular)",64,2608559284,160,544,64,96,0.6,1.0,0.4,2.5,0.06543,63,97
True,"QAOA MaxCut (p=1, 3-regular)",64,2911646779,160,544,61,99,0.61875,0.953125,0.38125,2.5,0.073926,63,97
True,Surface Code,5,1913349348,4,84,2,2,0.5,0.4,0.5,0.8,0.2,2,2
True,Surface Code,5,1719983433,4,84,1,3,0.75,0.2,0.25,0.8,0.2,1,3
True,Surface Code,5,2377890921,4,60,1,3,0.75,0.2,0.25,0.8,0.2,1,3
True,Surface Code,5,3744168465,4,84,2,2,0.5,0.4,0.5,0.8,0.2,2,2
True,Surface Code,5,721826784,5,85,2,3,0.6,0.4,0.4,1.0,0.2,2,3
True,Surface Code,5,2801669116,5,85,2,3,0.6,0.4,0.4,1.0,0.2,2,3
True,Surface Code,5,962401833,5,85,2,3,0.6,0.4,0.4,1.0,0.2,2,3
True,Surface Code,5,429681914,5,61,2,3,0.6,0.4,0.4,1.0,0.2,2,3
True,Surface Code,8,3339551602,6,130,2,4,0.666667,0.25,0.333333,0.75,0.104167,2,4
True,Surface Code,8,3214044198,6,108,2,4,0.666667,0.25,0.333333,0.75,0.0625,2,4
True,Surface Code,8,2683045133,6,130,3,3,0.5,0.375,0.5,0.75,0.104167,3,3
True,Surface Code,8,3902273269,6,152,2,4,0.666667,0.25,0.333333,0.75,0.125,2,4
True,Surface Code,8,2955934847,7,131,3,4,0.571429,0.375,0.428571,0.875,0.089286,3,4
True,Surface Code,8,1052670457,7,109,2,5,0.714286,0.25,0.285714,0.875,0.071429,2,5
True,Surface Code,8,2984701982,7,153,2,5,0.714286,0.25,0.285714,0.875,0.089286,2,5
True,Surface Code,8,2856719984,7,109,3,4,0.571429,0.375,0.428571,0.875,0.089286,3,4
True,Surface Code,8,882565125,8,132,3,5,0.625,0.375,0.375,1.0,0.125,3,5
True,Surface Code,8,1475284701,8,132,3,5,0.625,0.375,0.375,1.0,0.09375,3,5
True,Surface Code,8,1454889244,8,110,2,6,0.75,0.25,0.25,1.0,0.046875,2,6
True,Surface Code,8,1370422995,8,154,3,5,0.625,0.375,0.375,1.0,0.09375,3,5
True,Surface Code,13,2861867624,10,240,4,6,0.6,0.307692,0.4,0.7692,0.076923,4,6
True,Surface Code,13,1588530912,10,240,6,4,0.4,0.461538,0.6,0.7692,0.076923,6,4
True,Surface Code,13,1599338714,10,280,6,4,0.4,0.461538,0.6,0.7692,0.076923,6,4
True,Surface Code,13,1844178517,10,200,5,5,0.5,0.384615,0.5,0.7692,0.076923,5,5
True,Surface Code,13,924845904,12,202,4,8,0.666667,0.307692,0.333333,0.9231,0.076923,4,8
True,Surface Code,13,209837417,12,202,5,7,0.583333,0.384615,0.416667,0.9231,0.076923,5,7
True,Surface Code,13,1693805282,12,242,5,7,0.583333,0.384615,0.416667,0.9231,0.076923,5,7
True,Surface Code,13,4203518756,12,202,6,6,0.5,0.461538,0.5,0.9231,0.076923,6,6
True,Surface Code,13,3894163121,16,246,6,10,0.625,0.461538,0.375,1.2308,0.076923,6,10
True,Surface Code,13,298634728,16,286,6,10,0.625,0.461538,0.375,1.2308,0.076923,6,10
True,Surface Code,13,134142392,16,246,5,11,0.6875,0.384615,0.3125,1.2308,0.076923,5,11
True,Surface Code,13,2896033801,16,246,5,11,0.6875,0.384615,0.3125,1.2308,0.076923,5,11
True,Surface Code,18,791748115,24,299,8,16,0.666667,0.444444,0.333333,1.3333,0.053241,8,16
True,Surface Code,18,3066072720,24,299,7,17,0.708333,0.388889,0.291667,1.3333,0.048611,7,17
True,Surface Code,18,2037340560,24,299,7,17,0.708333,0.388889,0.291667,1.3333,0.053241,7,17
True,Surface Code,18,64081842,24,299,8,16,0.666667,0.444444,0.333333,1.3333,0.050926,8,16
True,Surface Code,25,4272378806,32,440,12,20,0.625,0.48,0.375,1.28,0.04,12,20
True,Surface Code,25,3658518304,32,524,12,20,0.625,0.48,0.375,1.28,0.04,12,20
True,Surface Code,25,3976497972,32,440,11,21,0.65625,0.44,0.34375,1.28,0.04,11,21
True,Surface Code,25,3104122268,32,608,12,20,0.625,0.48,0.375,1.28,0.04,12,20
True,VQE Hardware-Efficient Ansatz,96,912044819,9821,11686,96,9725,0.990225,1.0,0.009775,102.3021,0.114135,96,9725
True,VQE Hardware-Efficient Ansatz,96,1483179469,9791,11654,96,9695,0.990195,1.0,0.009805,101.9896,0.10315,96,9695
True,VQE Hardware-Efficient Ansatz,96,556444115,9855,11728,96,9759,0.990259,1.0,0.009741,102.6562,0.131646,96,9759
True,VQE Hardware-Efficient Ansatz,96,591081555,9868,11740,96,9772,0.990272,1.0,0.009728,102.7917,0.119226,96,9772
True,VQE Hardware-Efficient Ansatz,128,313132766,13112,15604,128,12984,0.990238,1.0,0.009762,102.4375,0.109865,128,12984
True,VQE Hardware-Efficient Ansatz,128,2532779784,13149,15646,128,13021,0.990265,1.0,0.009735,102.7266,0.120045,128,13021
True,VQE Hardware-Efficient Ansatz,128,1623007236,13141,15636,128,13013,0.990259,1.0,0.009741,102.6641,0.126889,128,13013
True,VQE Hardware-Efficient Ansatz,128,882372403,13116,15612,128,12988,0.990241,1.0,0.009759,102.4688,0.125206,128,12988
True,VQE Hardware-Efficient Ansatz,192,221209552,19744,23496,192,19552,0.990276,1.0,0.009724,102.8333,0.121971,192,19552
True,VQE Hardware-Efficient Ansatz,192,543078686,19729,23484,192,19537,0.990268,1.0,0.009732,102.7552,0.115451,192,19537
True,VQE Hardware-Efficient Ansatz,192,3692172836,19630,23360,192,19438,0.990219,1.0,0.009781,102.2396,0.111679,192,19438
True,VQE Hardware-Efficient Ansatz,192,4008810269,19620,23354,192,19428,0.990214,1.0,0.009786,102.1875,0.109991,192,19428
True,VQE Hardware-Efficient Ansatz,256,2541848063,26274,31266,256,26018,0.990257,1.0,0.009743,102.6328,0.114449,256,26018
True,VQE Hardware-Efficient Ansatz,256,362213905,26237,31220,256,25981,0.990243,1.0,0.009757,102.4883,0.116191,256,25981
True,VQE Hardware-Efficient Ansatz,256,1241432534,26250,31238,256,25994,0.990248,1.0,0.009752,102.5391,0.111998,256,25994
True,VQE Hardware-Efficient Ansatz,256,1396488618,26282,31278,256,26026,0.990259,1.0,0.009741,102.6641,0.115074,256,26026
True,Surface Code,32,4176756021,48,692,14,34,0.708333,0.4375,0.291667,1.5,0.028646,14,34
True,Surface Code,32,2454622100,48,802,15,33,0.6875,0.46875,0.3125,1.5,0.028646,15,33
True,Surface Code,32,3702994589,48,692,15,33,0.6875,0.46875,0.3125,1.5,0.030599,15,33
True,Surface Code,32,1630625282,48,582,15,33,0.6875,0.46875,0.3125,1.5,0.029948,15,33
True,Surface Code,41,158767687,64,924,19,45,0.703125,0.463415,0.296875,1.561,0.02439,19,45
True,Surface Code,41,944855271,64,924,19,45,0.703125,0.463415,0.296875,1.561,0.02439,19,45
True,Surface Code,41,4066314242,64,1068,20,44,0.6875,0.487805,0.3125,1.561,0.02439,20,44
True,Surface Code,41,2112217357,64,924,18,46,0.71875,0.439024,0.28125,1.561,0.02439,18,46
True,Surface Code,50,3666335482,96,1337,28,68,0.708333,0.56,0.291667,1.92,0.0575,25,71
True,Surface Code,50,3042137953,96,1159,24,72,0.75,0.48,0.25,1.92,0.032708,24,72
True,Surface Code,50,1441547547,96,1337,24,72,0.75,0.48,0.25,1.92,0.026042,24,72
True,Surface Code,50,1706186866,96,1337,24,72,0.75,0.48,0.25,1.92,0.026042,24,72
True,Surface Code,50,3678257812,128,1013,24,104,0.8125,0.48,0.1875,2.56,0.024375,24,104
True,Surface Code,50,3324943354,128,1369,24,104,0.8125,0.48,0.1875,2.56,0.02875,23,105
True,Surface Code,50,2790257400,128,1013,24,104,0.8125,0.48,0.1875,2.56,0.025,24,104
True,Surface Code,50,1356257856,128,1013,24,104,0.8125,0.48,0.1875,2.56,0.025156,24,104
true,"Quantum Fourier Transform",4,1110110830,18,40,3,15,0.833333,0.750000,0.166667,4.5000,0.166667,3,15
true,"Quantum Fourier Transform",4,296276228,18,40,3,15,0.833333,0.750000,0.166667,4.5000,0.166667,3,15
true,"Quantum Fourier Transform",4,668590545,18,40,3,15,0.833333,0.750000,0.166667,4.5000,0.166667,3,15
true,"Quantum Fourier Transform",4,3843545218,18,40,3,15,0.833333,0.750000,0.166667,4.5000,0.166667,3,15
true,"Quantum Fourier Transform",6,1185779816,45,90,5,40,0.888889,0.833333,0.111111,7.5000,0.111111,5,40
true,"Quantum Fourier Transform",6,1273224045,45,90,5,40,0.888889,0.833333,0.111111,7.5000,0.111111,5,40
true,"Quantum Fourier Transform",6,278123737,45,90,5,40,0.888889,0.833333,0.111111,7.5000,0.111111,5,40
true,"Quantum Fourier Transform",6,126619891,45,90,5,40,0.888889,0.833333,0.111111,7.5000,0.111111,5,40
true,"Quantum Fourier Transform",8,3672370174,84,160,7,77,0.916667,0.875000,0.083333,10.5000,0.083333,7,77
true,"Quantum Fourier Transform",8,4276069442,84,160,7,77,0.916667,0.875000,0.083333,10.5000,0.083333,7,77
true,"Quantum Fourier Transform",8,3310680246,84,160,7,77,0.916667,0.875000,0.083333,10.5000,0.083333,7,77
true,"Quantum Fourier Transform",8,478041978,84,160,7,77,0.916667,0.875000,0.083333,10.5000,0.083333,7,77
true,"Quantum Fourier Transform",10,3772566261,135,250,9,126,0.933333,0.900000,0.066667,13.5000,0.066667,9,126
true,"Quantum Fourier Transform",10,3467611822,135,250,9,126,0.933333,0.900000,0.066667,13.5000,0.066667,9,126
true,"Quantum Fourier Transform",10,1635507618,135,250,9,126,0.933333,0.900000,0.066667,13.5000,0.066667,9,126
true,"Quantum Fourier Transform",10,1438779997,135,250,9,126,0.933333,0.900000,0.066667,13.5000,0.066667,9,126
true,"Quantum Fourier Transform",12,3606739817,198,360,11,187,0.944444,0.916667,0.055556,16.5000,0.055556,11,187
true,"Quantum Fourier Transform",12,3635888924,198,360,11,187,0.944444,0.916667,0.055556,16.5000,0.055556,11,187
true,"Quantum Fourier Transform",12,2175316655,198,360,11,187,0.944444,0.916667,0.055556,16.5000,0.055556,11,187
true,"Quantum Fourier Transform",12,3029526300,198,360,11,187,0.944444,0.916667,0.055556,16.5000,0.055556,11,187
true,"Quantum Fourier Transform",14,4160851479,273,490,13,260,0.952381,0.928571,0.047619,19.5000,0.047619,13,260
true,"Quantum Fourier Transform",14,4122559895,273,490,13,260,0.952381,0.928571,0.047619,19.5000,0.047619,13,260
true,"Quantum Fourier Transform",14,3337478183,273,490,13,260,0.952381,0.928571,0.047619,19.5000,0.047619,13,260
true,"Quantum Fourier Transform",14,1208817641,273,490,13,260,0.952381,0.928571,0.047619,19.5000,0.047619,13,260
true,"Quantum Fourier Transform",16,1006490912,360,640,15,345,0.958333,0.937500,0.041667,22.5000,0.041667,15,345
true,"Quantum Fourier Transform",16,2898682202,360,640,15,345,0.958333,0.937500,0.041667,22.5000,0.041667,15,345
true,"Quantum Fourier Transform",16,1087167611,360,640,15,345,0.958333,0.937500,0.041667,22.5000,0.041667,15,345
true,"Quantum Fourier Transform",16,4088477302,360,640,15,345,0.958333,0.937500,0.041667,22.5000,0.041667,15,345
true,"Quantum Fourier Transform",20,2634224234,570,1000,19,551,0.966667,0.950000,0.033333,28.5000,0.033333,19,551
true,"Quantum Fourier Transform",20,2535315234,570,1000,19,551,0.966667,0.950000,0.033333,28.5000,0.033333,19,551
true,"Quantum Fourier Transform",20,23006665,570,1000,19,551,0.966667,0.950000,0.033333,28.5000,0.033333,19,551
true,"Quantum Fourier Transform",20,273734545,570,1000,19,551,0.966667,0.950000,0.033333,28.5000,0.033333,19,551
true,"Quantum Fourier Transform",24,11692041,828,1440,23,805,0.972222,0.958333,0.027778,34.5000,0.027778,23,805
true,"Quantum Fourier Transform",24,2393444562,828,1440,23,805,0.972222,0.958333,0.027778,34.5000,0.027778,23,805
true,"Quantum Fourier Transform",24,2072164798,828,1440,23,805,0.972222,0.958333,0.027778,34.5000,0.027778,23,805
true,"Quantum Fourier Transform",24,2816385620,828,1440,23,805,0.972222,0.958333,0.027778,34.5000,0.027778,23,805
true,"Quantum Fourier Transform",32,3329547099,1488,2560,31,1457,0.979167,0.968750,0.020833,46.5000,0.020833,31,1457
true,"Quantum Fourier Transform",32,7868797,1488,2560,31,1457,0.979167,0.968750,0.020833,46.5000,0.020833,31,1457
true,"Quantum Fourier Transform",32,1328370592,1488,2560,31,1457,0.979167,0.968750,0.020833,46.5000,0.020833,31,1457
true,"Quantum Fourier Transform",32,2478944820,1488,2560,31,1457,0.979167,0.968750,0.020833,46.5000,0.020833,31,1457
true,"Quantum Fourier Transform",48,2455981230,3069,5760,47,3022,0.984686,0.979167,0.015314,63.9375,0.013889,47,3022
true,"Quantum Fourier Transform",48,820945817,3069,5760,47,3022,0.984686,0.979167,0.015314,63.9375,0.013889,47,3022
true,"Quantum Fourier Transform",48,3690095814,3069,5760,47,3022,0.984686,0.979167,0.015314,63.9375,0.013889,47,3022
true,"Quantum Fourier Transform",48,2375061869,3069,5760,47,3022,0.984686,0.979167,0.015314,63.9375,0.013889,47,3022
true,"Quantum Fourier Transform",64,2819256682,4656,10240,63,4593,0.986469,0.984375,0.013531,72.7500,0.010417,63,4593
true,"Quantum Fourier Transform",64,2929294971,4656,10240,63,4593,0.986469,0.984375,0.013531,72.7500,0.010417,63,4593
true,"Quantum Fourier Transform",64,4157803674,4656,10240,63,4593,0.986469,0.984375,0.013531,72.7500,0.010417,63,4593
true,"Quantum Fourier Transform",64,3639873016,4656,10240,63,4593,0.986469,0.984375,0.013531,72.7500,0.010417,63,4593
true,"Quantum Fourier Transform",96,2859183911,9504,23040,95,9409,0.990004,0.989583,0.009996,99.0000,0.006944,95,9409
true,"Quantum Fourier Transform",96,719960266,9504,23040,95,9409,0.990004,0.989583,0.009996,99.0000,0.006944,95,9409
true,"Quantum Fourier Transform",96,905695702,9504,23040,95,9409,0.990004,0.989583,0.009996,99.0000,0.006944,95,9409
true,"Quantum Fourier Transform",96,988742006,9504,23040,95,9409,0.990004,0.989583,0.009996,99.0000,0.006944,95,9409
true,"Quantum Fourier Transform",128,3506630553,17424,40960,127,17297,0.992711,0.992188,0.007289,136.1250,0.005208,127,17297
true,"Quantum Fourier Transform",128,2582500710,17424,40960,127,17297,0.992711,0.992188,0.007289,136.1250,0.005208,127,17297
true,"Quantum Fourier Transform",128,1303454273,17424,40960,127,17297,0.992711,0.992188,0.007289,136.1250,0.005208,127,17297
true,"Quantum Fourier Transform",128,3726145453,17424,40960,127,17297,0.992711,0.992188,0.007289,136.1250,0.005208,127,17297
true,"Quantum Fourier Transform",192,1853668539,42480,92160,191,42289,0.995504,0.994792,0.004496,221.2500,0.003472,191,42289
true,"Quantum Fourier Transform",192,1509016008,42480,92160,191,42289,0.995504,0.994792,0.004496,221.2500,0.003472,191,42289
true,"Quantum Fourier Transform",192,85882511,42480,92160,191,42289,0.995504,0.994792,0.004496,221.2500,0.003472,191,42289
true,"Quantum Fourier Transform",192,1093607066,42480,92160,191,42289,0.995504,0.994792,0.004496,221.2500,0.003472,191,42289
true,"Quantum Fourier Transform",256,1910075523,79824,163840,255,79569,0.996805,0.996094,0.003195,311.8125,0.002604,255,79569
true,"Quantum Fourier Transform",256,3687027788,79824,163840,255,79569,0.996805,0.996094,0.003195,311.8125,0.002604,255,79569
true,"Quantum Fourier Transform",256,2731611586,79824,163840,255,79569,0.996805,0.996094,0.003195,311.8125,0.002604,255,79569
true,"Quantum Fourier Transform",256,3830932979,79824,163840,255,79569,0.996805,0.996094,0.003195,311.8125,0.002604,255,79569
